<?xml version="1.0" encoding="UTF-8"?>
<metadata xml:lang="es"><Esri><CreaDate>20230320</CreaDate><CreaTime>14553700</CreaTime><ArcGISFormat>1.0</ArcGISFormat><SyncOnce>FALSE</SyncOnce><DataProperties><lineage><Process ToolSource="c:\program files (x86)\arcgis\desktop10.3\ArcToolbox\Toolboxes\Data Management Tools.tbx\CalculateField" Date="20200727" Time="125012">CalculateField MGN_RUR_SECCION MPIO_CDPMP "[DPTO_CCDGO] &amp; [MPIO_CCDGO]" VB #</Process><Process ToolSource="c:\program files (x86)\arcgis\desktop10.3\ArcToolbox\Toolboxes\Data Management Tools.tbx\CalculateField" Date="20200727" Time="145608">CalculateField MGN_RUR_SECCION SECR_TPACT 2 VB #</Process><Process ToolSource="c:\program files (x86)\arcgis\desktop10.3\ArcToolbox\Toolboxes\Data Management Tools.tbx\CalculateField" Date="20200727" Time="150148">CalculateField MGN_RUR_SECCION SECR_TPACT 2 VB #</Process><Process ToolSource="c:\program files (x86)\arcgis\desktop10.5\ArcToolbox\Toolboxes\Data Management Tools.tbx\CalculateField" Date="20201005" Time="154709">CalculateField MGN_RUR_SECCION MPIO_CDPMP NULL VB #</Process><Process ToolSource="c:\program files (x86)\arcgis\desktop10.5\ArcToolbox\Toolboxes\Data Management Tools.tbx\CalculateField" Date="20201005" Time="160158">CalculateField MGN_RUR_SECCION MPIO_CDPMP "18592" VB #</Process><Process ToolSource="c:\program files (x86)\arcgis\desktop10.5\ArcToolbox\Toolboxes\Data Management Tools.tbx\CalculateField" Date="20201005" Time="161334">CalculateField MGN_RUR_SECCION SECR_CAG NULL VB #</Process><Process ToolSource="c:\program files (x86)\arcgis\desktop10.5\ArcToolbox\Toolboxes\Data Management Tools.tbx\CalculateField" Date="20201005" Time="161522">CalculateField MGN_RUR_SECCION SECR_CAG "" VB #</Process><Process ToolSource="c:\program files (x86)\arcgis\desktop10.5\ArcToolbox\Toolboxes\Data Management Tools.tbx\CalculateField" Date="20201005" Time="161704">CalculateField MGN_RUR_SECCION SECR_CAG "N/A" VB #</Process><Process ToolSource="c:\program files (x86)\arcgis\desktop10.5\ArcToolbox\Toolboxes\Data Management Tools.tbx\CalculateField" Date="20201005" Time="195237">CalculateField MGN_RUR_SECCION valida "[DPTO_CCDGO] + [MPIO_CCDGO] + [SETR_CCDGO]" VB #</Process><Process ToolSource="c:\program files (x86)\arcgis\desktop10.5\ArcToolbox\Toolboxes\Data Management Tools.tbx\CalculateField" Date="20201005" Time="200113">CalculateField MGN_RUR_SECCION valida "[DPTO_CCDGO] + [MPIO_CCDGO] + [CLAS_CCDGO] + [SETR_CCDGO]" VB #</Process><Process ToolSource="c:\program files (x86)\arcgis\desktop10.5\ArcToolbox\Toolboxes\Data Management Tools.tbx\CalculateField" Date="20201005" Time="200150">CalculateField MGN_RUR_SECCION valida "[DPTO_CCDGO] + [MPIO_CCDGO] +"2" + [SETR_CCDGO]" VB #</Process><Process ToolSource="c:\program files (x86)\arcgis\desktop10.5\ArcToolbox\Toolboxes\Data Management Tools.tbx\CalculateField" Date="20201005" Time="200157">CalculateField MGN_RUR_SECCION valida "[DPTO_CCDGO] + [MPIO_CCDGO] +"3" + [SETR_CCDGO]" VB #</Process><Process ToolSource="c:\program files (x86)\arcgis\desktop10.5\ArcToolbox\Toolboxes\Data Management Tools.tbx\CalculateField" Date="20201008" Time="130132">CalculateField MGN_RUR_SECCION SECR_TIPO 1 VB #</Process><Process ToolSource="c:\program files (x86)\arcgis\desktop10.5\ArcToolbox\Toolboxes\Data Management Tools.tbx\CalculateField" Date="20201008" Time="130237">CalculateField MGN_RUR_SECCION SECR_FNTAC 6 VB #</Process><Process ToolSource="c:\program files (x86)\arcgis\desktop10.5\ArcToolbox\Toolboxes\Data Management Tools.tbx\CalculateField" Date="20201008" Time="130357">CalculateField MGN_RUR_SECCION SECR_TPFNT 7 VB #</Process><Process ToolSource="c:\program files (x86)\arcgis\desktop10.5\ArcToolbox\Toolboxes\Data Management Tools.tbx\CalculateField" Date="20201008" Time="130422">CalculateField MGN_RUR_SECCION SECR_ANFNT 2017 VB #</Process><Process ToolSource="c:\program files (x86)\arcgis\desktop10.5\ArcToolbox\Toolboxes\Data Management Tools.tbx\CalculateField" Date="20201008" Time="135315">CalculateField MGN_RUR_SECCION SECR_VGNC 2020 VB #</Process><Process ToolSource="c:\program files (x86)\arcgis\desktop10.5\ArcToolbox\Toolboxes\Data Management Tools.tbx\CalculateField" Date="20201008" Time="142002">CalculateField MGN_RUR_SECCION SECR_TPACT 4 VB #</Process><Process ToolSource="c:\program files (x86)\arcgis\desktop10.5\ArcToolbox\Toolboxes\Data Management Tools.tbx\CalculateField" Date="20201008" Time="142326">CalculateField MGN_RUR_SECCION SECR_TPACT 5 VB #</Process><Process ToolSource="c:\program files (x86)\arcgis\desktop10.5\ArcToolbox\Toolboxes\Data Management Tools.tbx\CalculateField" Date="20201008" Time="142949">CalculateField MGN_RUR_SECCION SECR_VGNC 2019 VB #</Process><Process ToolSource="c:\program files (x86)\arcgis\desktop10.5\ArcToolbox\Toolboxes\Data Management Tools.tbx\CalculateField" Date="20201008" Time="143020">CalculateField MGN_RUR_SECCION SECR_VGNC 2020 VB #</Process><Process ToolSource="c:\program files (x86)\arcgis\desktop10.5\ArcToolbox\Toolboxes\Data Management Tools.tbx\CalculateField" Date="20201008" Time="143227">CalculateField MGN_RUR_SECCION SECR_ANFNT 2020 VB #</Process><Process ToolSource="c:\program files (x86)\arcgis\desktop10.5\ArcToolbox\Toolboxes\Data Management Tools.tbx\CalculateField" Date="20201008" Time="143239">CalculateField MGN_RUR_SECCION SECR_TPFNT 6 VB #</Process><Process ToolSource="c:\program files (x86)\arcgis\desktop10.5\ArcToolbox\Toolboxes\Data Management Tools.tbx\CalculateField" Date="20201008" Time="143312">CalculateField MGN_RUR_SECCION SECR_FNTAC 4 VB #</Process><Process ToolSource="c:\program files (x86)\arcgis\desktop10.5\ArcToolbox\Toolboxes\Data Management Tools.tbx\CalculateField" Date="20201008" Time="143507">CalculateField MGN_RUR_SECCION SECR_FNTAC 6 VB #</Process><Process ToolSource="c:\program files (x86)\arcgis\desktop10.5\ArcToolbox\Toolboxes\Data Management Tools.tbx\CalculateField" Date="20201008" Time="143516">CalculateField MGN_RUR_SECCION SECR_TPFNT 7 VB #</Process><Process ToolSource="c:\program files (x86)\arcgis\desktop10.5\ArcToolbox\Toolboxes\Data Management Tools.tbx\CalculateField" Date="20201008" Time="143746">CalculateField MGN_RUR_SECCION SECR_TIPO 3 VB #</Process><Process ToolSource="c:\program files (x86)\arcgis\desktop10.5\ArcToolbox\Toolboxes\Data Management Tools.tbx\CalculateField" Date="20201008" Time="143857">CalculateField MGN_RUR_SECCION SECR_NVDAD 5 VB #</Process><Process ToolSource="c:\program files (x86)\arcgis\desktop10.5\ArcToolbox\Toolboxes\Data Management Tools.tbx\CalculateField" Date="20201008" Time="143929">CalculateField MGN_RUR_SECCION SECR_ANFNT 2020 VB #</Process><Process ToolSource="c:\program files (x86)\arcgis\desktop10.5\ArcToolbox\Toolboxes\Data Management Tools.tbx\CalculateField" Date="20201008" Time="144411">CalculateField MGN_RUR_SECCION SECR_VGNC 2020 VB #</Process><Process ToolSource="c:\program files (x86)\arcgis\desktop10.5\ArcToolbox\Toolboxes\Data Management Tools.tbx\CalculateField" Date="20201008" Time="144430">CalculateField MGN_RUR_SECCION SECR_TIPO 3 VB #</Process><Process ToolSource="c:\program files (x86)\arcgis\desktop10.5\ArcToolbox\Toolboxes\Data Management Tools.tbx\CalculateField" Date="20201008" Time="144441">CalculateField MGN_RUR_SECCION SECR_FNTAC 4 VB #</Process><Process ToolSource="c:\program files (x86)\arcgis\desktop10.5\ArcToolbox\Toolboxes\Data Management Tools.tbx\CalculateField" Date="20201008" Time="144459">CalculateField MGN_RUR_SECCION SECR_TPFNT 6 VB #</Process><Process ToolSource="c:\program files (x86)\arcgis\desktop10.5\ArcToolbox\Toolboxes\Data Management Tools.tbx\CalculateField" Date="20201008" Time="144616">CalculateField MGN_RUR_SECCION SECR_VGNC 2020 VB #</Process><Process ToolSource="c:\program files (x86)\arcgis\desktop10.5\ArcToolbox\Toolboxes\Data Management Tools.tbx\CalculateField" Date="20201008" Time="144700">CalculateField MGN_RUR_SECCION SECR_ANACT 2020 VB #</Process><Process ToolSource="c:\program files (x86)\arcgis\desktop10.5\ArcToolbox\Toolboxes\Data Management Tools.tbx\CalculateField" Date="20201008" Time="145745">CalculateField MGN_RUR_SECCION SECR_ANACT 2019 VB #</Process><Process ToolSource="c:\program files (x86)\arcgis\desktop10.5\ArcToolbox\Toolboxes\Data Management Tools.tbx\CalculateField" Date="20201008" Time="145924">CalculateField MGN_RUR_SECCION SECR_TPACT 3 VB #</Process><Process ToolSource="c:\program files (x86)\arcgis\desktop10.5\ArcToolbox\Toolboxes\Data Management Tools.tbx\CalculateField" Date="20201008" Time="151706">CalculateField MGN_RUR_SECCION SECR_TIPO 3 VB #</Process><Process ToolSource="c:\program files (x86)\arcgis\desktop10.5\ArcToolbox\Toolboxes\Data Management Tools.tbx\CalculateField" Date="20201008" Time="151744">CalculateField MGN_RUR_SECCION SECR_FNTAC 4 VB #</Process><Process ToolSource="c:\program files (x86)\arcgis\desktop10.5\ArcToolbox\Toolboxes\Data Management Tools.tbx\CalculateField" Date="20201008" Time="151801">CalculateField MGN_RUR_SECCION SECR_TPFNT 6 VB #</Process><Process ToolSource="c:\program files (x86)\arcgis\desktop10.5\ArcToolbox\Toolboxes\Data Management Tools.tbx\CalculateField" Date="20201008" Time="152118">CalculateField MGN_RUR_SECCION SECR_ANFNT 2018 VB #</Process><Process ToolSource="c:\program files (x86)\arcgis\desktop10.5\ArcToolbox\Toolboxes\Data Management Tools.tbx\CalculateField" Date="20201008" Time="152203">CalculateField MGN_RUR_SECCION SECR_NVDAD 2 VB #</Process><Process ToolSource="c:\program files (x86)\arcgis\desktop10.5\ArcToolbox\Toolboxes\Data Management Tools.tbx\CalculateField" Date="20201008" Time="152255">CalculateField MGN_RUR_SECCION SECR_ANACT 2019 VB #</Process><Process ToolSource="c:\program files (x86)\arcgis\desktop10.5\ArcToolbox\Toolboxes\Data Management Tools.tbx\CalculateField" Date="20201008" Time="153950">CalculateField MGN_RUR_SECCION SECR_TPACT 5 VB #</Process><Process ToolSource="c:\program files (x86)\arcgis\desktop10.5\ArcToolbox\Toolboxes\Data Management Tools.tbx\CalculateField" Date="20201008" Time="154455">CalculateField MGN_RUR_SECCION SECR_TPACT 4 VB #</Process><Process ToolSource="c:\program files (x86)\arcgis\desktop10.5\ArcToolbox\Toolboxes\Data Management Tools.tbx\CalculateField" Date="20201008" Time="154741">CalculateField MGN_RUR_SECCION SECR_TPACT 3 VB #</Process><Process ToolSource="c:\program files (x86)\arcgis\desktop10.5\ArcToolbox\Toolboxes\Data Management Tools.tbx\CalculateField" Date="20201008" Time="190411">CalculateField MGN_RUR_SECCION SECR_NVDAD 2 VB #</Process><Process ToolSource="c:\program files (x86)\arcgis\desktop10.5\ArcToolbox\Toolboxes\Data Management Tools.tbx\CalculateField" Date="20201008" Time="191942">CalculateField MGN_RUR_SECCION SECR_NVDAD 6 VB #</Process><Process ToolSource="c:\program files (x86)\arcgis\desktop10.5\ArcToolbox\Toolboxes\Data Management Tools.tbx\CalculateField" Date="20201008" Time="192311">CalculateField MGN_RUR_SECCION SECR_VGNC 2020 VB #</Process><Process ToolSource="c:\program files (x86)\arcgis\desktop10.5\ArcToolbox\Toolboxes\Data Management Tools.tbx\CalculateField" Date="20201008" Time="194714">CalculateField MGN_RUR_SECCION SECR_NVDAD 6 VB #</Process><Process ToolSource="c:\program files (x86)\arcgis\desktop10.5\ArcToolbox\Toolboxes\Data Management Tools.tbx\CalculateField" Date="20201008" Time="195105">CalculateField MGN_RUR_SECCION SECR_TPACT 1 VB #</Process><Process ToolSource="c:\program files (x86)\arcgis\desktop10.5\ArcToolbox\Toolboxes\Data Management Tools.tbx\CalculateField" Date="20201008" Time="195403">CalculateField MGN_RUR_SECCION SECR_NVDAD 4 VB #</Process><Process ToolSource="c:\program files (x86)\arcgis\desktop10.5\ArcToolbox\Toolboxes\Data Management Tools.tbx\CalculateField" Date="20201008" Time="200415">CalculateField MGN_RUR_SECCION SECR_NVDAD 4 VB #</Process><Process ToolSource="c:\program files (x86)\arcgis\desktop10.5\ArcToolbox\Toolboxes\Data Management Tools.tbx\CalculateField" Date="20201008" Time="200512">CalculateField MGN_RUR_SECCION SECR_TIPO 3 VB #</Process><Process ToolSource="c:\program files (x86)\arcgis\desktop10.5\ArcToolbox\Toolboxes\Data Management Tools.tbx\CalculateField" Date="20201008" Time="200537">CalculateField MGN_RUR_SECCION SECR_FNTAC 1 VB #</Process><Process ToolSource="c:\program files (x86)\arcgis\desktop10.5\ArcToolbox\Toolboxes\Data Management Tools.tbx\CalculateField" Date="20201008" Time="200611">CalculateField MGN_RUR_SECCION SECR_TPFNT 1 VB #</Process><Process ToolSource="c:\program files (x86)\arcgis\desktop10.5\ArcToolbox\Toolboxes\Data Management Tools.tbx\CalculateField" Date="20201008" Time="200631">CalculateField MGN_RUR_SECCION SECR_ANFNT 2019 VB #</Process><Process ToolSource="c:\program files (x86)\arcgis\desktop10.5\ArcToolbox\Toolboxes\Data Management Tools.tbx\CalculateField" Date="20201008" Time="200709">CalculateField MGN_RUR_SECCION SECR_TPACT 3 VB #</Process><Process ToolSource="c:\program files (x86)\arcgis\desktop10.5\ArcToolbox\Toolboxes\Data Management Tools.tbx\CalculateField" Date="20201008" Time="200725">CalculateField MGN_RUR_SECCION SECR_TPACT 1 VB #</Process><Process ToolSource="c:\program files (x86)\arcgis\desktop10.5\ArcToolbox\Toolboxes\Data Management Tools.tbx\CalculateField" Date="20201008" Time="200842">CalculateField MGN_RUR_SECCION SECR_VGNC 2020 VB #</Process><Process ToolSource="c:\program files (x86)\arcgis\desktop10.5\ArcToolbox\Toolboxes\Data Management Tools.tbx\CalculateField" Date="20201008" Time="201028">CalculateField MGN_RUR_SECCION SECR_ANACT 2019 VB #</Process><Process ToolSource="c:\program files (x86)\arcgis\desktop10.5\ArcToolbox\Toolboxes\Data Management Tools.tbx\CalculateField" Date="20201009" Time="080544">CalculateField MGN_RUR_SECCION SECR_FNTAC 1 VB #</Process><Process ToolSource="c:\program files (x86)\arcgis\desktop10.5\ArcToolbox\Toolboxes\Data Management Tools.tbx\CalculateField" Date="20201009" Time="080553">CalculateField MGN_RUR_SECCION SECR_TPFNT 1 VB #</Process><Process ToolSource="c:\program files (x86)\arcgis\desktop10.5\ArcToolbox\Toolboxes\Data Management Tools.tbx\CalculateField" Date="20201009" Time="083111">CalculateField MGN_RUR_SECCION SECR_NVDAD 1 VB #</Process><Process ToolSource="c:\program files (x86)\arcgis\desktop10.5\ArcToolbox\Toolboxes\Data Management Tools.tbx\CalculateField" Date="20201009" Time="084808">CalculateField MGN_RUR_SECCION SECR_NVDAD 2 VB #</Process><Process ToolSource="c:\program files (x86)\arcgis\desktop10.5\ArcToolbox\Toolboxes\Data Management Tools.tbx\CalculateField" Date="20201009" Time="084815">CalculateField MGN_RUR_SECCION SECR_VGNC 2020 VB #</Process><Process ToolSource="c:\program files (x86)\arcgis\desktop10.5\ArcToolbox\Toolboxes\Data Management Tools.tbx\CalculateField" Date="20201009" Time="085242">CalculateField MGN_RUR_SECCION SECR_TIPO 3 VB #</Process><Process ToolSource="c:\program files (x86)\arcgis\desktop10.5\ArcToolbox\Toolboxes\Data Management Tools.tbx\CalculateField" Date="20201009" Time="085254">CalculateField MGN_RUR_SECCION SECR_FNTAC 4 VB #</Process><Process ToolSource="c:\program files (x86)\arcgis\desktop10.5\ArcToolbox\Toolboxes\Data Management Tools.tbx\CalculateField" Date="20201009" Time="085308">CalculateField MGN_RUR_SECCION SECR_TPFNT 6 VB #</Process><Process ToolSource="c:\program files (x86)\arcgis\desktop10.5\ArcToolbox\Toolboxes\Data Management Tools.tbx\CalculateField" Date="20201009" Time="085322">CalculateField MGN_RUR_SECCION SECR_ANFNT 2018 VB #</Process><Process ToolSource="c:\program files (x86)\arcgis\desktop10.5\ArcToolbox\Toolboxes\Data Management Tools.tbx\CalculateField" Date="20201009" Time="085358">CalculateField MGN_RUR_SECCION SECR_TPACT 3 VB #</Process><Process ToolSource="c:\program files (x86)\arcgis\desktop10.5\ArcToolbox\Toolboxes\Data Management Tools.tbx\CalculateField" Date="20201009" Time="085419">CalculateField MGN_RUR_SECCION SECR_ANACT 2019 VB #</Process><Process ToolSource="c:\program files (x86)\arcgis\desktop10.5\ArcToolbox\Toolboxes\Data Management Tools.tbx\CalculateField" Date="20201009" Time="085658">CalculateField MGN_RUR_SECCION SECR_VGNC 2020 VB #</Process><Process ToolSource="c:\program files (x86)\arcgis\desktop10.5\ArcToolbox\Toolboxes\Data Management Tools.tbx\CalculateField" Date="20201009" Time="085847">CalculateField MGN_RUR_SECCION SECR_NVDAD 2 VB #</Process><Process ToolSource="c:\program files (x86)\arcgis\desktop10.5\ArcToolbox\Toolboxes\Data Management Tools.tbx\CalculateField" Date="20201009" Time="091702">CalculateField MGN_RUR_SECCION SECR_VGNC null VB #</Process><Process ToolSource="c:\program files (x86)\arcgis\desktop10.5\ArcToolbox\Toolboxes\Data Management Tools.tbx\CalculateField" Date="20201009" Time="091708">CalculateField MGN_RUR_SECCION SECR_NVDAD null VB #</Process><Process ToolSource="c:\program files (x86)\arcgis\desktop10.5\ArcToolbox\Toolboxes\Data Management Tools.tbx\CalculateField" Date="20201009" Time="091712">CalculateField MGN_RUR_SECCION SECR_TIPO null VB #</Process><Process ToolSource="c:\program files (x86)\arcgis\desktop10.5\ArcToolbox\Toolboxes\Data Management Tools.tbx\CalculateField" Date="20201009" Time="091715">CalculateField MGN_RUR_SECCION SECR_FNTAC null VB #</Process><Process ToolSource="c:\program files (x86)\arcgis\desktop10.5\ArcToolbox\Toolboxes\Data Management Tools.tbx\CalculateField" Date="20201009" Time="091719">CalculateField MGN_RUR_SECCION SECR_TPFNT null VB #</Process><Process ToolSource="c:\program files (x86)\arcgis\desktop10.5\ArcToolbox\Toolboxes\Data Management Tools.tbx\CalculateField" Date="20201009" Time="091722">CalculateField MGN_RUR_SECCION SECR_ANFNT null VB #</Process><Process ToolSource="c:\program files (x86)\arcgis\desktop10.5\ArcToolbox\Toolboxes\Data Management Tools.tbx\CalculateField" Date="20201009" Time="091726">CalculateField MGN_RUR_SECCION SECR_TPACT null VB #</Process><Process ToolSource="c:\program files (x86)\arcgis\desktop10.5\ArcToolbox\Toolboxes\Data Management Tools.tbx\CalculateField" Date="20201009" Time="091730">CalculateField MGN_RUR_SECCION SECR_ANACT null VB #</Process><Process ToolSource="c:\program files (x86)\arcgis\desktop10.5\ArcToolbox\Toolboxes\Data Management Tools.tbx\CalculateField" Date="20201017" Time="102657">CalculateField MGN_RUR_SECCION SECR_VGNC 2020 VB #</Process><Process ToolSource="c:\program files (x86)\arcgis\desktop10.5\ArcToolbox\Toolboxes\Data Management Tools.tbx\CalculateField" Date="20201017" Time="103040">CalculateField MGN_RUR_SECCION SECR_FNTAC 4 VB #</Process><Process ToolSource="c:\program files (x86)\arcgis\desktop10.5\ArcToolbox\Toolboxes\Data Management Tools.tbx\CalculateField" Date="20201017" Time="103054">CalculateField MGN_RUR_SECCION SECR_TPFNT 6 VB #</Process><Process ToolSource="c:\program files (x86)\arcgis\desktop10.5\ArcToolbox\Toolboxes\Data Management Tools.tbx\CalculateField" Date="20201017" Time="103106">CalculateField MGN_RUR_SECCION SECR_ANFNT 2020 VB #</Process><Process ToolSource="c:\program files (x86)\arcgis\desktop10.5\ArcToolbox\Toolboxes\Data Management Tools.tbx\CalculateField" Date="20201017" Time="103128">CalculateField MGN_RUR_SECCION SECR_TPACT 3 VB #</Process><Process ToolSource="c:\program files (x86)\arcgis\desktop10.5\ArcToolbox\Toolboxes\Data Management Tools.tbx\CalculateField" Date="20201017" Time="103154">CalculateField MGN_RUR_SECCION SECR_ANACT 2020 VB #</Process><Process ToolSource="c:\program files (x86)\arcgis\desktop10.5\ArcToolbox\Toolboxes\Data Management Tools.tbx\CalculateField" Date="20201019" Time="101627">CalculateField MGN_RUR_SECCION SECR_VGNC 2020 VB #</Process><Process ToolSource="c:\program files (x86)\arcgis\desktop10.5\ArcToolbox\Toolboxes\Data Management Tools.tbx\CalculateField" Date="20201019" Time="101740">CalculateField MGN_RUR_SECCION SECR_NVDAD 3 VB #</Process><Process ToolSource="c:\program files (x86)\arcgis\desktop10.5\ArcToolbox\Toolboxes\Data Management Tools.tbx\CalculateField" Date="20201019" Time="101847">CalculateField MGN_RUR_SECCION SECR_ANACT 2020 VB #</Process><Process ToolSource="c:\program files (x86)\arcgis\desktop10.5\ArcToolbox\Toolboxes\Data Management Tools.tbx\CalculateField" Date="20201019" Time="101952">CalculateField MGN_RUR_SECCION SECR_TIPO 3 VB #</Process><Process ToolSource="c:\program files (x86)\arcgis\desktop10.5\ArcToolbox\Toolboxes\Data Management Tools.tbx\CalculateField" Date="20201019" Time="102111">CalculateField MGN_RUR_SECCION SECR_FNTAC 1 VB #</Process><Process ToolSource="c:\program files (x86)\arcgis\desktop10.5\ArcToolbox\Toolboxes\Data Management Tools.tbx\CalculateField" Date="20201019" Time="102129">CalculateField MGN_RUR_SECCION SECR_TPFNT 1 VB #</Process><Process ToolSource="c:\program files (x86)\arcgis\desktop10.5\ArcToolbox\Toolboxes\Data Management Tools.tbx\CalculateField" Date="20201019" Time="102138">CalculateField MGN_RUR_SECCION SECR_ANFNT 2020 VB #</Process><Process ToolSource="c:\program files (x86)\arcgis\desktop10.5\ArcToolbox\Toolboxes\Data Management Tools.tbx\CalculateField" Date="20201019" Time="102249">CalculateField MGN_RUR_SECCION SECR_TPACT 3 VB #</Process><Process ToolSource="c:\program files (x86)\arcgis\desktop10.5\ArcToolbox\Toolboxes\Data Management Tools.tbx\CalculateField" Date="20201019" Time="102657">CalculateField MGN_RUR_SECCION SECR_TPACT 3 VB #</Process><Process ToolSource="c:\program files (x86)\arcgis\desktop10.5\ArcToolbox\Toolboxes\Data Management Tools.tbx\CalculateField" Date="20201026" Time="182147">CalculateField MGN_RUR_SECCION SECR_VGNC 2020 VB #</Process><Process ToolSource="c:\program files (x86)\arcgis\desktop10.5\ArcToolbox\Toolboxes\Data Management Tools.tbx\CalculateField" Date="20201026" Time="182206">CalculateField MGN_RUR_SECCION SECR_NVDAD 2 VB #</Process><Process ToolSource="c:\program files (x86)\arcgis\desktop10.5\ArcToolbox\Toolboxes\Data Management Tools.tbx\CalculateField" Date="20201026" Time="182243">CalculateField MGN_RUR_SECCION SECR_TIPO 3 VB #</Process><Process ToolSource="c:\program files (x86)\arcgis\desktop10.5\ArcToolbox\Toolboxes\Data Management Tools.tbx\CalculateField" Date="20201026" Time="182302">CalculateField MGN_RUR_SECCION SECR_FNTAC 1 VB #</Process><Process ToolSource="c:\program files (x86)\arcgis\desktop10.5\ArcToolbox\Toolboxes\Data Management Tools.tbx\CalculateField" Date="20201026" Time="182405">CalculateField MGN_RUR_SECCION SECR_TPFNT 1 VB #</Process><Process ToolSource="c:\program files (x86)\arcgis\desktop10.5\ArcToolbox\Toolboxes\Data Management Tools.tbx\CalculateField" Date="20201026" Time="182415">CalculateField MGN_RUR_SECCION SECR_ANFNT 2018 VB #</Process><Process ToolSource="c:\program files (x86)\arcgis\desktop10.5\ArcToolbox\Toolboxes\Data Management Tools.tbx\CalculateField" Date="20201026" Time="182446">CalculateField MGN_RUR_SECCION SECR_TPACT 3 VB #</Process><Process ToolSource="c:\program files (x86)\arcgis\desktop10.5\ArcToolbox\Toolboxes\Data Management Tools.tbx\CalculateField" Date="20201026" Time="182457">CalculateField MGN_RUR_SECCION SECR_ANACT 2020 VB #</Process><Process ToolSource="c:\program files (x86)\arcgis\desktop10.5\ArcToolbox\Toolboxes\Data Management Tools.tbx\CalculateField" Date="20201029" Time="122313">CalculateField MGN_RUR_SECCION NOVEDAD "AJUSTECPOB" VB #</Process><Process ToolSource="c:\program files (x86)\arcgis\desktop10.5\ArcToolbox\Toolboxes\Data Management Tools.tbx\CalculateField" Date="20201029" Time="123154">CalculateField MGN_RUR_SECCION NOVEDAD "AJUSTESECR" VB #</Process><Process Name="Delete Rows (3)" ToolSource="c:\program files (x86)\arcgis\desktop10.5\ArcToolbox\Toolboxes\Data Management Tools.tbx\DeleteRows" Date="20211019" Time="100107">DeleteRows D:\jcbustosd\JCBUSTOSD_2021\MGN_RURAL_2021\EMPALME_MGN_2021\GDB_MGN_FINAL.gdb\MGN_RURAL\MGN_RUR_SECCION</Process><Process Name="Append (3)" ToolSource="c:\program files (x86)\arcgis\desktop10.5\ArcToolbox\Toolboxes\Data Management Tools.tbx\Append" Date="20211019" Time="101722">Append \\Dg-est003\INSUMOS_2021\ENTREGAS\05_ANTIOQUIA\GDB_FINAL\GDB_DPTO_05_FINAL.gdb\MGN_RURAL\MGN_RUR_SECCION D:\jcbustosd\JCBUSTOSD_2021\MGN_RURAL_2021\EMPALME_MGN_2021\GDB_MGN_FINAL.gdb\MGN_RURAL\MGN_RUR_SECCION TEST # #</Process><Process Name="Append (3)" ToolSource="c:\program files (x86)\arcgis\desktop10.5\ArcToolbox\Toolboxes\Data Management Tools.tbx\Append" Date="20211019" Time="101726">Append \\Dg-est003\INSUMOS_2021\ENTREGAS\08_ATLANTICO\GDB_FINAL\GDB_DPTO_08_FINAL.gdb\\MGN_RURAL\MGN_RUR_SECCION D:\jcbustosd\JCBUSTOSD_2021\MGN_RURAL_2021\EMPALME_MGN_2021\GDB_MGN_FINAL.gdb\MGN_RURAL\MGN_RUR_SECCION TEST # #</Process><Process Name="Append (3)" ToolSource="c:\program files (x86)\arcgis\desktop10.5\ArcToolbox\Toolboxes\Data Management Tools.tbx\Append" Date="20211019" Time="101729">Append \\Dg-est003\INSUMOS_2021\ENTREGAS\11_BOGOTA_DC\GDB_FINAL\GDB_DPTO_11_FINAL.gdb\\MGN_RURAL\MGN_RUR_SECCION D:\jcbustosd\JCBUSTOSD_2021\MGN_RURAL_2021\EMPALME_MGN_2021\GDB_MGN_FINAL.gdb\MGN_RURAL\MGN_RUR_SECCION TEST # #</Process><Process Name="Append (3)" ToolSource="c:\program files (x86)\arcgis\desktop10.5\ArcToolbox\Toolboxes\Data Management Tools.tbx\Append" Date="20211019" Time="101734">Append \\Dg-est003\INSUMOS_2021\ENTREGAS\13_BOLIVAR\GDB_FINAL\GDB_DPTO_13_FINAL.gdb\\MGN_RURAL\MGN_RUR_SECCION D:\jcbustosd\JCBUSTOSD_2021\MGN_RURAL_2021\EMPALME_MGN_2021\GDB_MGN_FINAL.gdb\MGN_RURAL\MGN_RUR_SECCION TEST # #</Process><Process Name="Append (3)" ToolSource="c:\program files (x86)\arcgis\desktop10.5\ArcToolbox\Toolboxes\Data Management Tools.tbx\Append" Date="20211019" Time="101741">Append \\Dg-est003\INSUMOS_2021\ENTREGAS\15_BOYACA\GDB_FINAL\GDB_DPTO_15_FINAL.gdb\\MGN_RURAL\MGN_RUR_SECCION D:\jcbustosd\JCBUSTOSD_2021\MGN_RURAL_2021\EMPALME_MGN_2021\GDB_MGN_FINAL.gdb\MGN_RURAL\MGN_RUR_SECCION TEST # #</Process><Process Name="Append (3)" ToolSource="c:\program files (x86)\arcgis\desktop10.5\ArcToolbox\Toolboxes\Data Management Tools.tbx\Append" Date="20211019" Time="101746">Append \\Dg-est003\INSUMOS_2021\ENTREGAS\17_CALDAS\GDB_FINAL\GDB_DPTO_17_FINAL.gdb\\MGN_RURAL\MGN_RUR_SECCION D:\jcbustosd\JCBUSTOSD_2021\MGN_RURAL_2021\EMPALME_MGN_2021\GDB_MGN_FINAL.gdb\MGN_RURAL\MGN_RUR_SECCION TEST # #</Process><Process Name="Append (3)" ToolSource="c:\program files (x86)\arcgis\desktop10.5\ArcToolbox\Toolboxes\Data Management Tools.tbx\Append" Date="20211019" Time="101758">Append \\Dg-est003\INSUMOS_2021\ENTREGAS\18_CAQUETA\GDB_FINAL\GDB_DPTO_18_FINAL.gdb\\MGN_RURAL\MGN_RUR_SECCION D:\jcbustosd\JCBUSTOSD_2021\MGN_RURAL_2021\EMPALME_MGN_2021\GDB_MGN_FINAL.gdb\MGN_RURAL\MGN_RUR_SECCION TEST # #</Process><Process Name="Append (3)" ToolSource="c:\program files (x86)\arcgis\desktop10.5\ArcToolbox\Toolboxes\Data Management Tools.tbx\Append" Date="20211019" Time="101806">Append \\Dg-est003\INSUMOS_2021\ENTREGAS\19_CAUCA\GDB_FINAL\GDB_DPTO_19_FINAL.gdb\\MGN_RURAL\MGN_RUR_SECCION D:\jcbustosd\JCBUSTOSD_2021\MGN_RURAL_2021\EMPALME_MGN_2021\GDB_MGN_FINAL.gdb\MGN_RURAL\MGN_RUR_SECCION TEST # #</Process><Process Name="Append (3)" ToolSource="c:\program files (x86)\arcgis\desktop10.5\ArcToolbox\Toolboxes\Data Management Tools.tbx\Append" Date="20211019" Time="101815">Append \\Dg-est003\INSUMOS_2021\ENTREGAS\20_CESAR\GDB_FINAL\GDB_DPTO_20_FINAL.gdb\\MGN_RURAL\MGN_RUR_SECCION D:\jcbustosd\JCBUSTOSD_2021\MGN_RURAL_2021\EMPALME_MGN_2021\GDB_MGN_FINAL.gdb\MGN_RURAL\MGN_RUR_SECCION TEST # #</Process><Process Name="Append (3)" ToolSource="c:\program files (x86)\arcgis\desktop10.5\ArcToolbox\Toolboxes\Data Management Tools.tbx\Append" Date="20211019" Time="101821">Append \\Dg-est003\INSUMOS_2021\ENTREGAS\23_CORDOBA\GDB_FINAL\GDB_DPTO_23_FINAL.gdb\\MGN_RURAL\MGN_RUR_SECCION D:\jcbustosd\JCBUSTOSD_2021\MGN_RURAL_2021\EMPALME_MGN_2021\GDB_MGN_FINAL.gdb\MGN_RURAL\MGN_RUR_SECCION TEST # #</Process><Process Name="Append (3)" ToolSource="c:\program files (x86)\arcgis\desktop10.5\ArcToolbox\Toolboxes\Data Management Tools.tbx\Append" Date="20211019" Time="101827">Append \\Dg-est003\INSUMOS_2021\ENTREGAS\25_CUNDINAMARCA\GDB_FINAL\GDB_DPTO_25_FINAL.gdb\\MGN_RURAL\MGN_RUR_SECCION D:\jcbustosd\JCBUSTOSD_2021\MGN_RURAL_2021\EMPALME_MGN_2021\GDB_MGN_FINAL.gdb\MGN_RURAL\MGN_RUR_SECCION TEST # #</Process><Process Name="Append (3)" ToolSource="c:\program files (x86)\arcgis\desktop10.5\ArcToolbox\Toolboxes\Data Management Tools.tbx\Append" Date="20211019" Time="101838">Append \\Dg-est003\INSUMOS_2021\ENTREGAS\27_CHOCO\GDB_FINAL\GDB_DPTO_27_FINAL.gdb\\MGN_RURAL\MGN_RUR_SECCION D:\jcbustosd\JCBUSTOSD_2021\MGN_RURAL_2021\EMPALME_MGN_2021\GDB_MGN_FINAL.gdb\MGN_RURAL\MGN_RUR_SECCION TEST # #</Process><Process Name="Append (3)" ToolSource="c:\program files (x86)\arcgis\desktop10.5\ArcToolbox\Toolboxes\Data Management Tools.tbx\Append" Date="20211019" Time="101846">Append \\Dg-est003\INSUMOS_2021\ENTREGAS\41_HUILA\GDB_FINAL\GDB_DPTO_41_FINAL.gdb\\MGN_RURAL\MGN_RUR_SECCION D:\jcbustosd\JCBUSTOSD_2021\MGN_RURAL_2021\EMPALME_MGN_2021\GDB_MGN_FINAL.gdb\MGN_RURAL\MGN_RUR_SECCION TEST # #</Process><Process Name="Append (3)" ToolSource="c:\program files (x86)\arcgis\desktop10.5\ArcToolbox\Toolboxes\Data Management Tools.tbx\Append" Date="20211019" Time="101855">Append \\Dg-est003\INSUMOS_2021\ENTREGAS\44_LA_GUAJIRA\GDB_FINAL\GDB_DPTO_44_FINAL.gdb\\MGN_RURAL\MGN_RUR_SECCION D:\jcbustosd\JCBUSTOSD_2021\MGN_RURAL_2021\EMPALME_MGN_2021\GDB_MGN_FINAL.gdb\MGN_RURAL\MGN_RUR_SECCION TEST # #</Process><Process Name="Append (3)" ToolSource="c:\program files (x86)\arcgis\desktop10.5\ArcToolbox\Toolboxes\Data Management Tools.tbx\Append" Date="20211019" Time="101902">Append \\Dg-est003\INSUMOS_2021\ENTREGAS\47_MAGDALENA\GDB_FINAL\GDB_DPTO_47_FINAL.gdb\\MGN_RURAL\MGN_RUR_SECCION D:\jcbustosd\JCBUSTOSD_2021\MGN_RURAL_2021\EMPALME_MGN_2021\GDB_MGN_FINAL.gdb\MGN_RURAL\MGN_RUR_SECCION TEST # #</Process><Process Name="Append (3)" ToolSource="c:\program files (x86)\arcgis\desktop10.5\ArcToolbox\Toolboxes\Data Management Tools.tbx\Append" Date="20211019" Time="101915">Append \\Dg-est003\INSUMOS_2021\ENTREGAS\50_META\GDB_FINAL\GDB_DPTO_50_FINAL.gdb\\MGN_RURAL\MGN_RUR_SECCION D:\jcbustosd\JCBUSTOSD_2021\MGN_RURAL_2021\EMPALME_MGN_2021\GDB_MGN_FINAL.gdb\MGN_RURAL\MGN_RUR_SECCION TEST # #</Process><Process Name="Append (3)" ToolSource="c:\program files (x86)\arcgis\desktop10.5\ArcToolbox\Toolboxes\Data Management Tools.tbx\Append" Date="20211019" Time="101923">Append \\Dg-est003\INSUMOS_2021\ENTREGAS\52_NARINO\GDB_FINAL\GDB_DPTO_52_FINAL.gdb\\MGN_RURAL\MGN_RUR_SECCION D:\jcbustosd\JCBUSTOSD_2021\MGN_RURAL_2021\EMPALME_MGN_2021\GDB_MGN_FINAL.gdb\MGN_RURAL\MGN_RUR_SECCION TEST # #</Process><Process Name="Append (3)" ToolSource="c:\program files (x86)\arcgis\desktop10.5\ArcToolbox\Toolboxes\Data Management Tools.tbx\Append" Date="20211019" Time="101930">Append \\Dg-est003\INSUMOS_2021\ENTREGAS\54_NORTE_DE_SANTANDER\GDB_FINAL\GDB_DPTO_54_FINAL.gdb\\MGN_RURAL\MGN_RUR_SECCION D:\jcbustosd\JCBUSTOSD_2021\MGN_RURAL_2021\EMPALME_MGN_2021\GDB_MGN_FINAL.gdb\MGN_RURAL\MGN_RUR_SECCION TEST # #</Process><Process Name="Append (3)" ToolSource="c:\program files (x86)\arcgis\desktop10.5\ArcToolbox\Toolboxes\Data Management Tools.tbx\Append" Date="20211019" Time="101937">Append \\Dg-est003\INSUMOS_2021\ENTREGAS\63_QUINDIO\GDB_FINAL\GDB_DPTO_63_FINAL.gdb\\MGN_RURAL\MGN_RUR_SECCION D:\jcbustosd\JCBUSTOSD_2021\MGN_RURAL_2021\EMPALME_MGN_2021\GDB_MGN_FINAL.gdb\MGN_RURAL\MGN_RUR_SECCION TEST # #</Process><Process Name="Append (3)" ToolSource="c:\program files (x86)\arcgis\desktop10.5\ArcToolbox\Toolboxes\Data Management Tools.tbx\Append" Date="20211019" Time="101942">Append \\Dg-est003\INSUMOS_2021\ENTREGAS\66_RISARALDA\GDB_FINAL\GDB_DPTO_66_FINAL.gdb\\MGN_RURAL\MGN_RUR_SECCION D:\jcbustosd\JCBUSTOSD_2021\MGN_RURAL_2021\EMPALME_MGN_2021\GDB_MGN_FINAL.gdb\MGN_RURAL\MGN_RUR_SECCION TEST # #</Process><Process Name="Append (3)" ToolSource="c:\program files (x86)\arcgis\desktop10.5\ArcToolbox\Toolboxes\Data Management Tools.tbx\Append" Date="20211019" Time="101949">Append \\Dg-est003\INSUMOS_2021\ENTREGAS\68_SANTANDER\GDB_FINAL\GDB_DPTO_68_FINAL.gdb\\MGN_RURAL\MGN_RUR_SECCION D:\jcbustosd\JCBUSTOSD_2021\MGN_RURAL_2021\EMPALME_MGN_2021\GDB_MGN_FINAL.gdb\MGN_RURAL\MGN_RUR_SECCION TEST # #</Process><Process Name="Append (3)" ToolSource="c:\program files (x86)\arcgis\desktop10.5\ArcToolbox\Toolboxes\Data Management Tools.tbx\Append" Date="20211019" Time="101955">Append \\Dg-est003\INSUMOS_2021\ENTREGAS\70_SUCRE\GDB_FINAL\GDB_DPTO_70_FINAL.gdb\\MGN_RURAL\MGN_RUR_SECCION D:\jcbustosd\JCBUSTOSD_2021\MGN_RURAL_2021\EMPALME_MGN_2021\GDB_MGN_FINAL.gdb\MGN_RURAL\MGN_RUR_SECCION TEST # #</Process><Process Name="Append (3)" ToolSource="c:\program files (x86)\arcgis\desktop10.5\ArcToolbox\Toolboxes\Data Management Tools.tbx\Append" Date="20211019" Time="102004">Append \\Dg-est003\INSUMOS_2021\ENTREGAS\73_TOLIMA\GDB_FINAL\GDB_DPTO_73_FINAL.gdb\\MGN_RURAL\MGN_RUR_SECCION D:\jcbustosd\JCBUSTOSD_2021\MGN_RURAL_2021\EMPALME_MGN_2021\GDB_MGN_FINAL.gdb\MGN_RURAL\MGN_RUR_SECCION TEST # #</Process><Process Name="Append (3)" ToolSource="c:\program files (x86)\arcgis\desktop10.5\ArcToolbox\Toolboxes\Data Management Tools.tbx\Append" Date="20211019" Time="102012">Append \\Dg-est003\INSUMOS_2021\ENTREGAS\76_VALLE_DEL_CAUCA\GDB_FINAL\GDB_DPTO_76_FINAL.gdb\\MGN_RURAL\MGN_RUR_SECCION D:\jcbustosd\JCBUSTOSD_2021\MGN_RURAL_2021\EMPALME_MGN_2021\GDB_MGN_FINAL.gdb\MGN_RURAL\MGN_RUR_SECCION TEST # #</Process><Process Name="Append (3)" ToolSource="c:\program files (x86)\arcgis\desktop10.5\ArcToolbox\Toolboxes\Data Management Tools.tbx\Append" Date="20211019" Time="102017">Append \\Dg-est003\INSUMOS_2021\ENTREGAS\81_ARAUCA\GDB_FINAL\GDB_DPTO_81_FINAL.gdb\\MGN_RURAL\MGN_RUR_SECCION D:\jcbustosd\JCBUSTOSD_2021\MGN_RURAL_2021\EMPALME_MGN_2021\GDB_MGN_FINAL.gdb\MGN_RURAL\MGN_RUR_SECCION TEST # #</Process><Process Name="Append (3)" ToolSource="c:\program files (x86)\arcgis\desktop10.5\ArcToolbox\Toolboxes\Data Management Tools.tbx\Append" Date="20211019" Time="102026">Append \\Dg-est003\INSUMOS_2021\ENTREGAS\85_CASANARE\GDB_FINAL\GDB_DPTO_85_FINAL.gdb\\MGN_RURAL\MGN_RUR_SECCION D:\jcbustosd\JCBUSTOSD_2021\MGN_RURAL_2021\EMPALME_MGN_2021\GDB_MGN_FINAL.gdb\MGN_RURAL\MGN_RUR_SECCION TEST # #</Process><Process Name="Append (3)" ToolSource="c:\program files (x86)\arcgis\desktop10.5\ArcToolbox\Toolboxes\Data Management Tools.tbx\Append" Date="20211019" Time="102031">Append \\Dg-est003\INSUMOS_2021\ENTREGAS\86_PUTUMAYO\GDB_FINAL\GDB_DPTO_86_FINAL.gdb\\MGN_RURAL\MGN_RUR_SECCION D:\jcbustosd\JCBUSTOSD_2021\MGN_RURAL_2021\EMPALME_MGN_2021\GDB_MGN_FINAL.gdb\MGN_RURAL\MGN_RUR_SECCION TEST # #</Process><Process Name="Append (3)" ToolSource="c:\program files (x86)\arcgis\desktop10.5\ArcToolbox\Toolboxes\Data Management Tools.tbx\Append" Date="20211019" Time="102034">Append \\Dg-est003\INSUMOS_2021\ENTREGAS\88_SAN_ANDRES\GDB_FINAL\GDB_DPTO_88_FINAL.gdb\\MGN_RURAL\MGN_RUR_SECCION D:\jcbustosd\JCBUSTOSD_2021\MGN_RURAL_2021\EMPALME_MGN_2021\GDB_MGN_FINAL.gdb\MGN_RURAL\MGN_RUR_SECCION TEST # #</Process><Process Name="Append (3)" ToolSource="c:\program files (x86)\arcgis\desktop10.5\ArcToolbox\Toolboxes\Data Management Tools.tbx\Append" Date="20211019" Time="102043">Append \\Dg-est003\INSUMOS_2021\ENTREGAS\91_AMAZONAS\GDB_FINAL\GDB_DPTO_91_FINAL.gdb\\MGN_RURAL\MGN_RUR_SECCION D:\jcbustosd\JCBUSTOSD_2021\MGN_RURAL_2021\EMPALME_MGN_2021\GDB_MGN_FINAL.gdb\MGN_RURAL\MGN_RUR_SECCION TEST # #</Process><Process Name="Append (3)" ToolSource="c:\program files (x86)\arcgis\desktop10.5\ArcToolbox\Toolboxes\Data Management Tools.tbx\Append" Date="20211019" Time="102050">Append \\Dg-est003\INSUMOS_2021\ENTREGAS\94_GUAINIA\GDB_FINAL\GDB_DPTO_94_FINAL.gdb\\MGN_RURAL\MGN_RUR_SECCION D:\jcbustosd\JCBUSTOSD_2021\MGN_RURAL_2021\EMPALME_MGN_2021\GDB_MGN_FINAL.gdb\MGN_RURAL\MGN_RUR_SECCION TEST # #</Process><Process Name="Append (3)" ToolSource="c:\program files (x86)\arcgis\desktop10.5\ArcToolbox\Toolboxes\Data Management Tools.tbx\Append" Date="20211019" Time="102055">Append \\Dg-est003\INSUMOS_2021\ENTREGAS\95_GUAVIARE\GDB_FINAL\GDB_DPTO_95_FINAL.gdb\\MGN_RURAL\MGN_RUR_SECCION D:\jcbustosd\JCBUSTOSD_2021\MGN_RURAL_2021\EMPALME_MGN_2021\GDB_MGN_FINAL.gdb\MGN_RURAL\MGN_RUR_SECCION TEST # #</Process><Process Name="Append (3)" ToolSource="c:\program files (x86)\arcgis\desktop10.5\ArcToolbox\Toolboxes\Data Management Tools.tbx\Append" Date="20211019" Time="102102">Append \\Dg-est003\INSUMOS_2021\ENTREGAS\97_VAUPES\GDB_FINAL\GDB_DPTO_97_FINAL.gdb\\MGN_RURAL\MGN_RUR_SECCION D:\jcbustosd\JCBUSTOSD_2021\MGN_RURAL_2021\EMPALME_MGN_2021\GDB_MGN_FINAL.gdb\MGN_RURAL\MGN_RUR_SECCION TEST # #</Process><Process Name="Append (3)" ToolSource="c:\program files (x86)\arcgis\desktop10.5\ArcToolbox\Toolboxes\Data Management Tools.tbx\Append" Date="20211019" Time="102108">Append \\Dg-est003\INSUMOS_2021\ENTREGAS\99_VICHADA\GDB_FINAL\GDB_DPTO_99_FINAL.gdb\\MGN_RURAL\MGN_RUR_SECCION D:\jcbustosd\JCBUSTOSD_2021\MGN_RURAL_2021\EMPALME_MGN_2021\GDB_MGN_FINAL.gdb\MGN_RURAL\MGN_RUR_SECCION TEST # #</Process><Process Name="Delete Rows (3)" ToolSource="c:\program files (x86)\arcgis\desktop10.5\ArcToolbox\Toolboxes\Data Management Tools.tbx\DeleteRows" Date="20211020" Time="113407">DeleteRows D:\jcbustosd\JCBUSTOSD_2021\MGN_RURAL_2021\EMPALME_MGN_2021\GDB_MGN_FINAL.gdb\MGN_RURAL\MGN_RUR_SECCION</Process><Process Name="Append (3)" ToolSource="c:\program files (x86)\arcgis\desktop10.5\ArcToolbox\Toolboxes\Data Management Tools.tbx\Append" Date="20211020" Time="120844">Append \\Dg-est003\INSUMOS_2021\ENTREGAS\05_ANTIOQUIA\GDB_FINAL\GDB_DPTO_05_FINAL.gdb\MGN_RURAL\MGN_RUR_SECCION D:\jcbustosd\JCBUSTOSD_2021\MGN_RURAL_2021\EMPALME_MGN_2021\GDB_MGN_FINAL.gdb\MGN_RURAL\MGN_RUR_SECCION TEST # #</Process><Process Name="Append (3)" ToolSource="c:\program files (x86)\arcgis\desktop10.5\ArcToolbox\Toolboxes\Data Management Tools.tbx\Append" Date="20211020" Time="120849">Append \\Dg-est003\INSUMOS_2021\ENTREGAS\08_ATLANTICO\GDB_FINAL\GDB_DPTO_08_FINAL.gdb\\MGN_RURAL\MGN_RUR_SECCION D:\jcbustosd\JCBUSTOSD_2021\MGN_RURAL_2021\EMPALME_MGN_2021\GDB_MGN_FINAL.gdb\MGN_RURAL\MGN_RUR_SECCION TEST # #</Process><Process Name="Append (3)" ToolSource="c:\program files (x86)\arcgis\desktop10.5\ArcToolbox\Toolboxes\Data Management Tools.tbx\Append" Date="20211020" Time="120853">Append \\Dg-est003\INSUMOS_2021\ENTREGAS\11_BOGOTA_DC\GDB_FINAL\GDB_DPTO_11_FINAL.gdb\\MGN_RURAL\MGN_RUR_SECCION D:\jcbustosd\JCBUSTOSD_2021\MGN_RURAL_2021\EMPALME_MGN_2021\GDB_MGN_FINAL.gdb\MGN_RURAL\MGN_RUR_SECCION TEST # #</Process><Process Name="Append (3)" ToolSource="c:\program files (x86)\arcgis\desktop10.5\ArcToolbox\Toolboxes\Data Management Tools.tbx\Append" Date="20211020" Time="120859">Append \\Dg-est003\INSUMOS_2021\ENTREGAS\13_BOLIVAR\GDB_FINAL\GDB_DPTO_13_FINAL.gdb\\MGN_RURAL\MGN_RUR_SECCION D:\jcbustosd\JCBUSTOSD_2021\MGN_RURAL_2021\EMPALME_MGN_2021\GDB_MGN_FINAL.gdb\MGN_RURAL\MGN_RUR_SECCION TEST # #</Process><Process Name="Append (3)" ToolSource="c:\program files (x86)\arcgis\desktop10.5\ArcToolbox\Toolboxes\Data Management Tools.tbx\Append" Date="20211020" Time="120906">Append \\Dg-est003\INSUMOS_2021\ENTREGAS\15_BOYACA\GDB_FINAL\GDB_DPTO_15_FINAL.gdb\\MGN_RURAL\MGN_RUR_SECCION D:\jcbustosd\JCBUSTOSD_2021\MGN_RURAL_2021\EMPALME_MGN_2021\GDB_MGN_FINAL.gdb\MGN_RURAL\MGN_RUR_SECCION TEST # #</Process><Process Name="Append (3)" ToolSource="c:\program files (x86)\arcgis\desktop10.5\ArcToolbox\Toolboxes\Data Management Tools.tbx\Append" Date="20211020" Time="120911">Append \\Dg-est003\INSUMOS_2021\ENTREGAS\17_CALDAS\GDB_FINAL\GDB_DPTO_17_FINAL.gdb\\MGN_RURAL\MGN_RUR_SECCION D:\jcbustosd\JCBUSTOSD_2021\MGN_RURAL_2021\EMPALME_MGN_2021\GDB_MGN_FINAL.gdb\MGN_RURAL\MGN_RUR_SECCION TEST # #</Process><Process Name="Append (3)" ToolSource="c:\program files (x86)\arcgis\desktop10.5\ArcToolbox\Toolboxes\Data Management Tools.tbx\Append" Date="20211020" Time="120923">Append \\Dg-est003\INSUMOS_2021\ENTREGAS\18_CAQUETA\GDB_FINAL\GDB_DPTO_18_FINAL.gdb\\MGN_RURAL\MGN_RUR_SECCION D:\jcbustosd\JCBUSTOSD_2021\MGN_RURAL_2021\EMPALME_MGN_2021\GDB_MGN_FINAL.gdb\MGN_RURAL\MGN_RUR_SECCION TEST # #</Process><Process Name="Append (3)" ToolSource="c:\program files (x86)\arcgis\desktop10.5\ArcToolbox\Toolboxes\Data Management Tools.tbx\Append" Date="20211020" Time="120932">Append \\Dg-est003\INSUMOS_2021\ENTREGAS\19_CAUCA\GDB_FINAL\GDB_DPTO_19_FINAL.gdb\\MGN_RURAL\MGN_RUR_SECCION D:\jcbustosd\JCBUSTOSD_2021\MGN_RURAL_2021\EMPALME_MGN_2021\GDB_MGN_FINAL.gdb\MGN_RURAL\MGN_RUR_SECCION TEST # #</Process><Process Name="Append (3)" ToolSource="c:\program files (x86)\arcgis\desktop10.5\ArcToolbox\Toolboxes\Data Management Tools.tbx\Append" Date="20211020" Time="120939">Append \\Dg-est003\INSUMOS_2021\ENTREGAS\20_CESAR\GDB_FINAL\GDB_DPTO_20_FINAL.gdb\\MGN_RURAL\MGN_RUR_SECCION D:\jcbustosd\JCBUSTOSD_2021\MGN_RURAL_2021\EMPALME_MGN_2021\GDB_MGN_FINAL.gdb\MGN_RURAL\MGN_RUR_SECCION TEST # #</Process><Process Name="Append (3)" ToolSource="c:\program files (x86)\arcgis\desktop10.5\ArcToolbox\Toolboxes\Data Management Tools.tbx\Append" Date="20211020" Time="120947">Append \\Dg-est003\INSUMOS_2021\ENTREGAS\23_CORDOBA\GDB_FINAL\GDB_DPTO_23_FINAL.gdb\\MGN_RURAL\MGN_RUR_SECCION D:\jcbustosd\JCBUSTOSD_2021\MGN_RURAL_2021\EMPALME_MGN_2021\GDB_MGN_FINAL.gdb\MGN_RURAL\MGN_RUR_SECCION TEST # #</Process><Process Name="Append (3)" ToolSource="c:\program files (x86)\arcgis\desktop10.5\ArcToolbox\Toolboxes\Data Management Tools.tbx\Append" Date="20211020" Time="120956">Append \\Dg-est003\INSUMOS_2021\ENTREGAS\25_CUNDINAMARCA\GDB_FINAL\GDB_DPTO_25_FINAL.gdb\\MGN_RURAL\MGN_RUR_SECCION D:\jcbustosd\JCBUSTOSD_2021\MGN_RURAL_2021\EMPALME_MGN_2021\GDB_MGN_FINAL.gdb\MGN_RURAL\MGN_RUR_SECCION TEST # #</Process><Process Name="Append (3)" ToolSource="c:\program files (x86)\arcgis\desktop10.5\ArcToolbox\Toolboxes\Data Management Tools.tbx\Append" Date="20211020" Time="121009">Append \\Dg-est003\INSUMOS_2021\ENTREGAS\27_CHOCO\GDB_FINAL\GDB_DPTO_27_FINAL.gdb\\MGN_RURAL\MGN_RUR_SECCION D:\jcbustosd\JCBUSTOSD_2021\MGN_RURAL_2021\EMPALME_MGN_2021\GDB_MGN_FINAL.gdb\MGN_RURAL\MGN_RUR_SECCION TEST # #</Process><Process Name="Append (3)" ToolSource="c:\program files (x86)\arcgis\desktop10.5\ArcToolbox\Toolboxes\Data Management Tools.tbx\Append" Date="20211020" Time="121016">Append \\Dg-est003\INSUMOS_2021\ENTREGAS\41_HUILA\GDB_FINAL\GDB_DPTO_41_FINAL.gdb\\MGN_RURAL\MGN_RUR_SECCION D:\jcbustosd\JCBUSTOSD_2021\MGN_RURAL_2021\EMPALME_MGN_2021\GDB_MGN_FINAL.gdb\MGN_RURAL\MGN_RUR_SECCION TEST # #</Process><Process Name="Append (3)" ToolSource="c:\program files (x86)\arcgis\desktop10.5\ArcToolbox\Toolboxes\Data Management Tools.tbx\Append" Date="20211020" Time="121024">Append \\Dg-est003\INSUMOS_2021\ENTREGAS\44_LA_GUAJIRA\GDB_FINAL\GDB_DPTO_44_FINAL.gdb\\MGN_RURAL\MGN_RUR_SECCION D:\jcbustosd\JCBUSTOSD_2021\MGN_RURAL_2021\EMPALME_MGN_2021\GDB_MGN_FINAL.gdb\MGN_RURAL\MGN_RUR_SECCION TEST # #</Process><Process Name="Append (3)" ToolSource="c:\program files (x86)\arcgis\desktop10.5\ArcToolbox\Toolboxes\Data Management Tools.tbx\Append" Date="20211020" Time="121037">Append \\Dg-est003\INSUMOS_2021\ENTREGAS\47_MAGDALENA\GDB_FINAL\GDB_DPTO_47_FINAL.gdb\\MGN_RURAL\MGN_RUR_SECCION D:\jcbustosd\JCBUSTOSD_2021\MGN_RURAL_2021\EMPALME_MGN_2021\GDB_MGN_FINAL.gdb\MGN_RURAL\MGN_RUR_SECCION TEST # #</Process><Process Name="Append (3)" ToolSource="c:\program files (x86)\arcgis\desktop10.5\ArcToolbox\Toolboxes\Data Management Tools.tbx\Append" Date="20211020" Time="121048">Append \\Dg-est003\INSUMOS_2021\ENTREGAS\50_META\GDB_FINAL\GDB_DPTO_50_FINAL.gdb\\MGN_RURAL\MGN_RUR_SECCION D:\jcbustosd\JCBUSTOSD_2021\MGN_RURAL_2021\EMPALME_MGN_2021\GDB_MGN_FINAL.gdb\MGN_RURAL\MGN_RUR_SECCION TEST # #</Process><Process Name="Append (3)" ToolSource="c:\program files (x86)\arcgis\desktop10.5\ArcToolbox\Toolboxes\Data Management Tools.tbx\Append" Date="20211020" Time="121059">Append \\Dg-est003\INSUMOS_2021\ENTREGAS\52_NARINO\GDB_FINAL\GDB_DPTO_52_FINAL.gdb\\MGN_RURAL\MGN_RUR_SECCION D:\jcbustosd\JCBUSTOSD_2021\MGN_RURAL_2021\EMPALME_MGN_2021\GDB_MGN_FINAL.gdb\MGN_RURAL\MGN_RUR_SECCION TEST # #</Process><Process Name="Append (3)" ToolSource="c:\program files (x86)\arcgis\desktop10.5\ArcToolbox\Toolboxes\Data Management Tools.tbx\Append" Date="20211020" Time="121106">Append \\Dg-est003\INSUMOS_2021\ENTREGAS\54_NORTE_DE_SANTANDER\GDB_FINAL\GDB_DPTO_54_FINAL.gdb\\MGN_RURAL\MGN_RUR_SECCION D:\jcbustosd\JCBUSTOSD_2021\MGN_RURAL_2021\EMPALME_MGN_2021\GDB_MGN_FINAL.gdb\MGN_RURAL\MGN_RUR_SECCION TEST # #</Process><Process Name="Append (3)" ToolSource="c:\program files (x86)\arcgis\desktop10.5\ArcToolbox\Toolboxes\Data Management Tools.tbx\Append" Date="20211020" Time="121119">Append \\Dg-est003\INSUMOS_2021\ENTREGAS\63_QUINDIO\GDB_FINAL\GDB_DPTO_63_FINAL.gdb\\MGN_RURAL\MGN_RUR_SECCION D:\jcbustosd\JCBUSTOSD_2021\MGN_RURAL_2021\EMPALME_MGN_2021\GDB_MGN_FINAL.gdb\MGN_RURAL\MGN_RUR_SECCION TEST # #</Process><Process Name="Append (3)" ToolSource="c:\program files (x86)\arcgis\desktop10.5\ArcToolbox\Toolboxes\Data Management Tools.tbx\Append" Date="20211020" Time="121126">Append \\Dg-est003\INSUMOS_2021\ENTREGAS\66_RISARALDA\GDB_FINAL\GDB_DPTO_66_FINAL.gdb\\MGN_RURAL\MGN_RUR_SECCION D:\jcbustosd\JCBUSTOSD_2021\MGN_RURAL_2021\EMPALME_MGN_2021\GDB_MGN_FINAL.gdb\MGN_RURAL\MGN_RUR_SECCION TEST # #</Process><Process Name="Append (3)" ToolSource="c:\program files (x86)\arcgis\desktop10.5\ArcToolbox\Toolboxes\Data Management Tools.tbx\Append" Date="20211020" Time="121138">Append \\Dg-est003\INSUMOS_2021\ENTREGAS\68_SANTANDER\GDB_FINAL\GDB_DPTO_68_FINAL.gdb\\MGN_RURAL\MGN_RUR_SECCION D:\jcbustosd\JCBUSTOSD_2021\MGN_RURAL_2021\EMPALME_MGN_2021\GDB_MGN_FINAL.gdb\MGN_RURAL\MGN_RUR_SECCION TEST # #</Process><Process Name="Append (3)" ToolSource="c:\program files (x86)\arcgis\desktop10.5\ArcToolbox\Toolboxes\Data Management Tools.tbx\Append" Date="20211020" Time="121149">Append \\Dg-est003\INSUMOS_2021\ENTREGAS\70_SUCRE\GDB_FINAL\GDB_DPTO_70_FINAL.gdb\\MGN_RURAL\MGN_RUR_SECCION D:\jcbustosd\JCBUSTOSD_2021\MGN_RURAL_2021\EMPALME_MGN_2021\GDB_MGN_FINAL.gdb\MGN_RURAL\MGN_RUR_SECCION TEST # #</Process><Process Name="Append (3)" ToolSource="c:\program files (x86)\arcgis\desktop10.5\ArcToolbox\Toolboxes\Data Management Tools.tbx\Append" Date="20211020" Time="121203">Append \\Dg-est003\INSUMOS_2021\ENTREGAS\73_TOLIMA\GDB_FINAL\GDB_DPTO_73_FINAL.gdb\\MGN_RURAL\MGN_RUR_SECCION D:\jcbustosd\JCBUSTOSD_2021\MGN_RURAL_2021\EMPALME_MGN_2021\GDB_MGN_FINAL.gdb\MGN_RURAL\MGN_RUR_SECCION TEST # #</Process><Process Name="Append (3)" ToolSource="c:\program files (x86)\arcgis\desktop10.5\ArcToolbox\Toolboxes\Data Management Tools.tbx\Append" Date="20211020" Time="121214">Append \\Dg-est003\INSUMOS_2021\ENTREGAS\76_VALLE_DEL_CAUCA\GDB_FINAL\GDB_DPTO_76_FINAL.gdb\\MGN_RURAL\MGN_RUR_SECCION D:\jcbustosd\JCBUSTOSD_2021\MGN_RURAL_2021\EMPALME_MGN_2021\GDB_MGN_FINAL.gdb\MGN_RURAL\MGN_RUR_SECCION TEST # #</Process><Process Name="Append (3)" ToolSource="c:\program files (x86)\arcgis\desktop10.5\ArcToolbox\Toolboxes\Data Management Tools.tbx\Append" Date="20211020" Time="121223">Append \\Dg-est003\INSUMOS_2021\ENTREGAS\81_ARAUCA\GDB_FINAL\GDB_DPTO_81_FINAL.gdb\\MGN_RURAL\MGN_RUR_SECCION D:\jcbustosd\JCBUSTOSD_2021\MGN_RURAL_2021\EMPALME_MGN_2021\GDB_MGN_FINAL.gdb\MGN_RURAL\MGN_RUR_SECCION TEST # #</Process><Process Name="Append (3)" ToolSource="c:\program files (x86)\arcgis\desktop10.5\ArcToolbox\Toolboxes\Data Management Tools.tbx\Append" Date="20211020" Time="121235">Append \\Dg-est003\INSUMOS_2021\ENTREGAS\85_CASANARE\GDB_FINAL\GDB_DPTO_85_FINAL.gdb\\MGN_RURAL\MGN_RUR_SECCION D:\jcbustosd\JCBUSTOSD_2021\MGN_RURAL_2021\EMPALME_MGN_2021\GDB_MGN_FINAL.gdb\MGN_RURAL\MGN_RUR_SECCION TEST # #</Process><Process Name="Append (3)" ToolSource="c:\program files (x86)\arcgis\desktop10.5\ArcToolbox\Toolboxes\Data Management Tools.tbx\Append" Date="20211020" Time="121244">Append \\Dg-est003\INSUMOS_2021\ENTREGAS\86_PUTUMAYO\GDB_FINAL\GDB_DPTO_86_FINAL.gdb\\MGN_RURAL\MGN_RUR_SECCION D:\jcbustosd\JCBUSTOSD_2021\MGN_RURAL_2021\EMPALME_MGN_2021\GDB_MGN_FINAL.gdb\MGN_RURAL\MGN_RUR_SECCION TEST # #</Process><Process Name="Append (3)" ToolSource="c:\program files (x86)\arcgis\desktop10.5\ArcToolbox\Toolboxes\Data Management Tools.tbx\Append" Date="20211020" Time="121252">Append \\Dg-est003\INSUMOS_2021\ENTREGAS\88_SAN_ANDRES\GDB_FINAL\GDB_DPTO_88_FINAL.gdb\\MGN_RURAL\MGN_RUR_SECCION D:\jcbustosd\JCBUSTOSD_2021\MGN_RURAL_2021\EMPALME_MGN_2021\GDB_MGN_FINAL.gdb\MGN_RURAL\MGN_RUR_SECCION TEST # #</Process><Process Name="Append (3)" ToolSource="c:\program files (x86)\arcgis\desktop10.5\ArcToolbox\Toolboxes\Data Management Tools.tbx\Append" Date="20211020" Time="121301">Append \\Dg-est003\INSUMOS_2021\ENTREGAS\91_AMAZONAS\GDB_FINAL\GDB_DPTO_91_FINAL.gdb\\MGN_RURAL\MGN_RUR_SECCION D:\jcbustosd\JCBUSTOSD_2021\MGN_RURAL_2021\EMPALME_MGN_2021\GDB_MGN_FINAL.gdb\MGN_RURAL\MGN_RUR_SECCION TEST # #</Process><Process Name="Append (3)" ToolSource="c:\program files (x86)\arcgis\desktop10.5\ArcToolbox\Toolboxes\Data Management Tools.tbx\Append" Date="20211020" Time="121309">Append \\Dg-est003\INSUMOS_2021\ENTREGAS\94_GUAINIA\GDB_FINAL\GDB_DPTO_94_FINAL.gdb\\MGN_RURAL\MGN_RUR_SECCION D:\jcbustosd\JCBUSTOSD_2021\MGN_RURAL_2021\EMPALME_MGN_2021\GDB_MGN_FINAL.gdb\MGN_RURAL\MGN_RUR_SECCION TEST # #</Process><Process Name="Append (3)" ToolSource="c:\program files (x86)\arcgis\desktop10.5\ArcToolbox\Toolboxes\Data Management Tools.tbx\Append" Date="20211020" Time="121314">Append \\Dg-est003\INSUMOS_2021\ENTREGAS\95_GUAVIARE\GDB_FINAL\GDB_DPTO_95_FINAL.gdb\\MGN_RURAL\MGN_RUR_SECCION D:\jcbustosd\JCBUSTOSD_2021\MGN_RURAL_2021\EMPALME_MGN_2021\GDB_MGN_FINAL.gdb\MGN_RURAL\MGN_RUR_SECCION TEST # #</Process><Process Name="Append (3)" ToolSource="c:\program files (x86)\arcgis\desktop10.5\ArcToolbox\Toolboxes\Data Management Tools.tbx\Append" Date="20211020" Time="121327">Append \\Dg-est003\INSUMOS_2021\ENTREGAS\97_VAUPES\GDB_FINAL\GDB_DPTO_97_FINAL.gdb\\MGN_RURAL\MGN_RUR_SECCION D:\jcbustosd\JCBUSTOSD_2021\MGN_RURAL_2021\EMPALME_MGN_2021\GDB_MGN_FINAL.gdb\MGN_RURAL\MGN_RUR_SECCION TEST # #</Process><Process Name="Append (3)" ToolSource="c:\program files (x86)\arcgis\desktop10.5\ArcToolbox\Toolboxes\Data Management Tools.tbx\Append" Date="20211020" Time="121336">Append \\Dg-est003\INSUMOS_2021\ENTREGAS\99_VICHADA\GDB_FINAL\GDB_DPTO_99_FINAL.gdb\\MGN_RURAL\MGN_RUR_SECCION D:\jcbustosd\JCBUSTOSD_2021\MGN_RURAL_2021\EMPALME_MGN_2021\GDB_MGN_FINAL.gdb\MGN_RURAL\MGN_RUR_SECCION TEST # #</Process><Process Name="Delete Rows (3)" ToolSource="c:\program files (x86)\arcgis\desktop10.5\ArcToolbox\Toolboxes\Data Management Tools.tbx\DeleteRows" Date="20211021" Time="094910">DeleteRows D:\jcbustosd\JCBUSTOSD_2021\MGN_RURAL_2021\EMPALME_MGN_2021\GDB_MGN_FINAL.gdb\MGN_RURAL\MGN_RUR_SECCION</Process><Process Name="Append (3)" ToolSource="c:\program files (x86)\arcgis\desktop10.5\ArcToolbox\Toolboxes\Data Management Tools.tbx\Append" Date="20211021" Time="110849">Append \\Dg-est003\INSUMOS_2021\ENTREGAS\05_ANTIOQUIA\GDB_FINAL\GDB_DPTO_05_FINAL.gdb\MGN_RURAL\MGN_RUR_SECCION D:\jcbustosd\JCBUSTOSD_2021\MGN_RURAL_2021\EMPALME_MGN_2021\GDB_MGN_FINAL.gdb\MGN_RURAL\MGN_RUR_SECCION TEST # #</Process><Process Name="Append (3)" ToolSource="c:\program files (x86)\arcgis\desktop10.5\ArcToolbox\Toolboxes\Data Management Tools.tbx\Append" Date="20211021" Time="110851">Append \\Dg-est003\INSUMOS_2021\ENTREGAS\08_ATLANTICO\GDB_FINAL\GDB_DPTO_08_FINAL.gdb\\MGN_RURAL\MGN_RUR_SECCION D:\jcbustosd\JCBUSTOSD_2021\MGN_RURAL_2021\EMPALME_MGN_2021\GDB_MGN_FINAL.gdb\MGN_RURAL\MGN_RUR_SECCION TEST # #</Process><Process Name="Append (3)" ToolSource="c:\program files (x86)\arcgis\desktop10.5\ArcToolbox\Toolboxes\Data Management Tools.tbx\Append" Date="20211021" Time="110852">Append \\Dg-est003\INSUMOS_2021\ENTREGAS\11_BOGOTA_DC\GDB_FINAL\GDB_DPTO_11_FINAL.gdb\\MGN_RURAL\MGN_RUR_SECCION D:\jcbustosd\JCBUSTOSD_2021\MGN_RURAL_2021\EMPALME_MGN_2021\GDB_MGN_FINAL.gdb\MGN_RURAL\MGN_RUR_SECCION TEST # #</Process><Process Name="Append (3)" ToolSource="c:\program files (x86)\arcgis\desktop10.5\ArcToolbox\Toolboxes\Data Management Tools.tbx\Append" Date="20211021" Time="110857">Append \\Dg-est003\INSUMOS_2021\ENTREGAS\13_BOLIVAR\GDB_FINAL\GDB_DPTO_13_FINAL.gdb\\MGN_RURAL\MGN_RUR_SECCION D:\jcbustosd\JCBUSTOSD_2021\MGN_RURAL_2021\EMPALME_MGN_2021\GDB_MGN_FINAL.gdb\MGN_RURAL\MGN_RUR_SECCION TEST # #</Process><Process Name="Append (3)" ToolSource="c:\program files (x86)\arcgis\desktop10.5\ArcToolbox\Toolboxes\Data Management Tools.tbx\Append" Date="20211021" Time="110901">Append \\Dg-est003\INSUMOS_2021\ENTREGAS\15_BOYACA\GDB_FINAL\GDB_DPTO_15_FINAL.gdb\\MGN_RURAL\MGN_RUR_SECCION D:\jcbustosd\JCBUSTOSD_2021\MGN_RURAL_2021\EMPALME_MGN_2021\GDB_MGN_FINAL.gdb\MGN_RURAL\MGN_RUR_SECCION TEST # #</Process><Process Name="Append (3)" ToolSource="c:\program files (x86)\arcgis\desktop10.5\ArcToolbox\Toolboxes\Data Management Tools.tbx\Append" Date="20211021" Time="110902">Append \\Dg-est003\INSUMOS_2021\ENTREGAS\17_CALDAS\GDB_FINAL\GDB_DPTO_17_FINAL.gdb\\MGN_RURAL\MGN_RUR_SECCION D:\jcbustosd\JCBUSTOSD_2021\MGN_RURAL_2021\EMPALME_MGN_2021\GDB_MGN_FINAL.gdb\MGN_RURAL\MGN_RUR_SECCION TEST # #</Process><Process Name="Append (3)" ToolSource="c:\program files (x86)\arcgis\desktop10.5\ArcToolbox\Toolboxes\Data Management Tools.tbx\Append" Date="20211021" Time="110911">Append \\Dg-est003\INSUMOS_2021\ENTREGAS\18_CAQUETA\GDB_FINAL\GDB_DPTO_18_FINAL.gdb\\MGN_RURAL\MGN_RUR_SECCION D:\jcbustosd\JCBUSTOSD_2021\MGN_RURAL_2021\EMPALME_MGN_2021\GDB_MGN_FINAL.gdb\MGN_RURAL\MGN_RUR_SECCION TEST # #</Process><Process Name="Append (3)" ToolSource="c:\program files (x86)\arcgis\desktop10.5\ArcToolbox\Toolboxes\Data Management Tools.tbx\Append" Date="20211021" Time="110915">Append \\Dg-est003\INSUMOS_2021\ENTREGAS\19_CAUCA\GDB_FINAL\GDB_DPTO_19_FINAL.gdb\\MGN_RURAL\MGN_RUR_SECCION D:\jcbustosd\JCBUSTOSD_2021\MGN_RURAL_2021\EMPALME_MGN_2021\GDB_MGN_FINAL.gdb\MGN_RURAL\MGN_RUR_SECCION TEST # #</Process><Process Name="Append (3)" ToolSource="c:\program files (x86)\arcgis\desktop10.5\ArcToolbox\Toolboxes\Data Management Tools.tbx\Append" Date="20211021" Time="110921">Append \\Dg-est003\INSUMOS_2021\ENTREGAS\20_CESAR\GDB_FINAL\GDB_DPTO_20_FINAL.gdb\\MGN_RURAL\MGN_RUR_SECCION D:\jcbustosd\JCBUSTOSD_2021\MGN_RURAL_2021\EMPALME_MGN_2021\GDB_MGN_FINAL.gdb\MGN_RURAL\MGN_RUR_SECCION TEST # #</Process><Process Name="Append (3)" ToolSource="c:\program files (x86)\arcgis\desktop10.5\ArcToolbox\Toolboxes\Data Management Tools.tbx\Append" Date="20211021" Time="110925">Append \\Dg-est003\INSUMOS_2021\ENTREGAS\23_CORDOBA\GDB_FINAL\GDB_DPTO_23_FINAL.gdb\\MGN_RURAL\MGN_RUR_SECCION D:\jcbustosd\JCBUSTOSD_2021\MGN_RURAL_2021\EMPALME_MGN_2021\GDB_MGN_FINAL.gdb\MGN_RURAL\MGN_RUR_SECCION TEST # #</Process><Process Name="Append (3)" ToolSource="c:\program files (x86)\arcgis\desktop10.5\ArcToolbox\Toolboxes\Data Management Tools.tbx\Append" Date="20211021" Time="110930">Append \\Dg-est003\INSUMOS_2021\ENTREGAS\25_CUNDINAMARCA\GDB_FINAL\GDB_DPTO_25_FINAL.gdb\\MGN_RURAL\MGN_RUR_SECCION D:\jcbustosd\JCBUSTOSD_2021\MGN_RURAL_2021\EMPALME_MGN_2021\GDB_MGN_FINAL.gdb\MGN_RURAL\MGN_RUR_SECCION TEST # #</Process><Process Name="Append (3)" ToolSource="c:\program files (x86)\arcgis\desktop10.5\ArcToolbox\Toolboxes\Data Management Tools.tbx\Append" Date="20211021" Time="110937">Append \\Dg-est003\INSUMOS_2021\ENTREGAS\27_CHOCO\GDB_FINAL\GDB_DPTO_27_FINAL.gdb\\MGN_RURAL\MGN_RUR_SECCION D:\jcbustosd\JCBUSTOSD_2021\MGN_RURAL_2021\EMPALME_MGN_2021\GDB_MGN_FINAL.gdb\MGN_RURAL\MGN_RUR_SECCION TEST # #</Process><Process Name="Append (3)" ToolSource="c:\program files (x86)\arcgis\desktop10.5\ArcToolbox\Toolboxes\Data Management Tools.tbx\Append" Date="20211021" Time="110941">Append \\Dg-est003\INSUMOS_2021\ENTREGAS\41_HUILA\GDB_FINAL\GDB_DPTO_41_FINAL.gdb\\MGN_RURAL\MGN_RUR_SECCION D:\jcbustosd\JCBUSTOSD_2021\MGN_RURAL_2021\EMPALME_MGN_2021\GDB_MGN_FINAL.gdb\MGN_RURAL\MGN_RUR_SECCION TEST # #</Process><Process Name="Append (3)" ToolSource="c:\program files (x86)\arcgis\desktop10.5\ArcToolbox\Toolboxes\Data Management Tools.tbx\Append" Date="20211021" Time="110945">Append \\Dg-est003\INSUMOS_2021\ENTREGAS\44_LA_GUAJIRA\GDB_FINAL\GDB_DPTO_44_FINAL.gdb\\MGN_RURAL\MGN_RUR_SECCION D:\jcbustosd\JCBUSTOSD_2021\MGN_RURAL_2021\EMPALME_MGN_2021\GDB_MGN_FINAL.gdb\MGN_RURAL\MGN_RUR_SECCION TEST # #</Process><Process Name="Append (3)" ToolSource="c:\program files (x86)\arcgis\desktop10.5\ArcToolbox\Toolboxes\Data Management Tools.tbx\Append" Date="20211021" Time="110950">Append \\Dg-est003\INSUMOS_2021\ENTREGAS\47_MAGDALENA\GDB_FINAL\GDB_DPTO_47_FINAL.gdb\\MGN_RURAL\MGN_RUR_SECCION D:\jcbustosd\JCBUSTOSD_2021\MGN_RURAL_2021\EMPALME_MGN_2021\GDB_MGN_FINAL.gdb\MGN_RURAL\MGN_RUR_SECCION TEST # #</Process><Process Name="Append (3)" ToolSource="c:\program files (x86)\arcgis\desktop10.5\ArcToolbox\Toolboxes\Data Management Tools.tbx\Append" Date="20211021" Time="110959">Append \\Dg-est003\INSUMOS_2021\ENTREGAS\50_META\GDB_FINAL\GDB_DPTO_50_FINAL.gdb\\MGN_RURAL\MGN_RUR_SECCION D:\jcbustosd\JCBUSTOSD_2021\MGN_RURAL_2021\EMPALME_MGN_2021\GDB_MGN_FINAL.gdb\MGN_RURAL\MGN_RUR_SECCION TEST # #</Process><Process Name="Append (3)" ToolSource="c:\program files (x86)\arcgis\desktop10.5\ArcToolbox\Toolboxes\Data Management Tools.tbx\Append" Date="20211021" Time="111005">Append \\Dg-est003\INSUMOS_2021\ENTREGAS\52_NARINO\GDB_FINAL\GDB_DPTO_52_FINAL.gdb\\MGN_RURAL\MGN_RUR_SECCION D:\jcbustosd\JCBUSTOSD_2021\MGN_RURAL_2021\EMPALME_MGN_2021\GDB_MGN_FINAL.gdb\MGN_RURAL\MGN_RUR_SECCION TEST # #</Process><Process Name="Append (3)" ToolSource="c:\program files (x86)\arcgis\desktop10.5\ArcToolbox\Toolboxes\Data Management Tools.tbx\Append" Date="20211021" Time="111010">Append \\Dg-est003\INSUMOS_2021\ENTREGAS\54_NORTE_DE_SANTANDER\GDB_FINAL\GDB_DPTO_54_FINAL.gdb\\MGN_RURAL\MGN_RUR_SECCION D:\jcbustosd\JCBUSTOSD_2021\MGN_RURAL_2021\EMPALME_MGN_2021\GDB_MGN_FINAL.gdb\MGN_RURAL\MGN_RUR_SECCION TEST # #</Process><Process Name="Append (3)" ToolSource="c:\program files (x86)\arcgis\desktop10.5\ArcToolbox\Toolboxes\Data Management Tools.tbx\Append" Date="20211021" Time="111012">Append \\Dg-est003\INSUMOS_2021\ENTREGAS\63_QUINDIO\GDB_FINAL\GDB_DPTO_63_FINAL.gdb\\MGN_RURAL\MGN_RUR_SECCION D:\jcbustosd\JCBUSTOSD_2021\MGN_RURAL_2021\EMPALME_MGN_2021\GDB_MGN_FINAL.gdb\MGN_RURAL\MGN_RUR_SECCION TEST # #</Process><Process Name="Append (3)" ToolSource="c:\program files (x86)\arcgis\desktop10.5\ArcToolbox\Toolboxes\Data Management Tools.tbx\Append" Date="20211021" Time="111017">Append \\Dg-est003\INSUMOS_2021\ENTREGAS\66_RISARALDA\GDB_FINAL\GDB_DPTO_66_FINAL.gdb\\MGN_RURAL\MGN_RUR_SECCION D:\jcbustosd\JCBUSTOSD_2021\MGN_RURAL_2021\EMPALME_MGN_2021\GDB_MGN_FINAL.gdb\MGN_RURAL\MGN_RUR_SECCION TEST # #</Process><Process Name="Append (3)" ToolSource="c:\program files (x86)\arcgis\desktop10.5\ArcToolbox\Toolboxes\Data Management Tools.tbx\Append" Date="20211021" Time="111024">Append \\Dg-est003\INSUMOS_2021\ENTREGAS\68_SANTANDER\GDB_FINAL\GDB_DPTO_68_FINAL.gdb\\MGN_RURAL\MGN_RUR_SECCION D:\jcbustosd\JCBUSTOSD_2021\MGN_RURAL_2021\EMPALME_MGN_2021\GDB_MGN_FINAL.gdb\MGN_RURAL\MGN_RUR_SECCION TEST # #</Process><Process Name="Append (3)" ToolSource="c:\program files (x86)\arcgis\desktop10.5\ArcToolbox\Toolboxes\Data Management Tools.tbx\Append" Date="20211021" Time="111031">Append \\Dg-est003\INSUMOS_2021\ENTREGAS\70_SUCRE\GDB_FINAL\GDB_DPTO_70_FINAL.gdb\\MGN_RURAL\MGN_RUR_SECCION D:\jcbustosd\JCBUSTOSD_2021\MGN_RURAL_2021\EMPALME_MGN_2021\GDB_MGN_FINAL.gdb\MGN_RURAL\MGN_RUR_SECCION TEST # #</Process><Process Name="Append (3)" ToolSource="c:\program files (x86)\arcgis\desktop10.5\ArcToolbox\Toolboxes\Data Management Tools.tbx\Append" Date="20211021" Time="111040">Append \\Dg-est003\INSUMOS_2021\ENTREGAS\73_TOLIMA\GDB_FINAL\GDB_DPTO_73_FINAL.gdb\\MGN_RURAL\MGN_RUR_SECCION D:\jcbustosd\JCBUSTOSD_2021\MGN_RURAL_2021\EMPALME_MGN_2021\GDB_MGN_FINAL.gdb\MGN_RURAL\MGN_RUR_SECCION TEST # #</Process><Process Name="Append (3)" ToolSource="c:\program files (x86)\arcgis\desktop10.5\ArcToolbox\Toolboxes\Data Management Tools.tbx\Append" Date="20211021" Time="111048">Append \\Dg-est003\INSUMOS_2021\ENTREGAS\76_VALLE_DEL_CAUCA\GDB_FINAL\GDB_DPTO_76_FINAL.gdb\\MGN_RURAL\MGN_RUR_SECCION D:\jcbustosd\JCBUSTOSD_2021\MGN_RURAL_2021\EMPALME_MGN_2021\GDB_MGN_FINAL.gdb\MGN_RURAL\MGN_RUR_SECCION TEST # #</Process><Process Name="Append (3)" ToolSource="c:\program files (x86)\arcgis\desktop10.5\ArcToolbox\Toolboxes\Data Management Tools.tbx\Append" Date="20211021" Time="111052">Append \\Dg-est003\INSUMOS_2021\ENTREGAS\81_ARAUCA\GDB_FINAL\GDB_DPTO_81_FINAL.gdb\\MGN_RURAL\MGN_RUR_SECCION D:\jcbustosd\JCBUSTOSD_2021\MGN_RURAL_2021\EMPALME_MGN_2021\GDB_MGN_FINAL.gdb\MGN_RURAL\MGN_RUR_SECCION TEST # #</Process><Process Name="Append (3)" ToolSource="c:\program files (x86)\arcgis\desktop10.5\ArcToolbox\Toolboxes\Data Management Tools.tbx\Append" Date="20211021" Time="111058">Append \\Dg-est003\INSUMOS_2021\ENTREGAS\85_CASANARE\GDB_FINAL\GDB_DPTO_85_FINAL.gdb\\MGN_RURAL\MGN_RUR_SECCION D:\jcbustosd\JCBUSTOSD_2021\MGN_RURAL_2021\EMPALME_MGN_2021\GDB_MGN_FINAL.gdb\MGN_RURAL\MGN_RUR_SECCION TEST # #</Process><Process Name="Append (3)" ToolSource="c:\program files (x86)\arcgis\desktop10.5\ArcToolbox\Toolboxes\Data Management Tools.tbx\Append" Date="20211021" Time="111101">Append \\Dg-est003\INSUMOS_2021\ENTREGAS\86_PUTUMAYO\GDB_FINAL\GDB_DPTO_86_FINAL.gdb\\MGN_RURAL\MGN_RUR_SECCION D:\jcbustosd\JCBUSTOSD_2021\MGN_RURAL_2021\EMPALME_MGN_2021\GDB_MGN_FINAL.gdb\MGN_RURAL\MGN_RUR_SECCION TEST # #</Process><Process Name="Append (3)" ToolSource="c:\program files (x86)\arcgis\desktop10.5\ArcToolbox\Toolboxes\Data Management Tools.tbx\Append" Date="20211021" Time="111104">Append \\Dg-est003\INSUMOS_2021\ENTREGAS\88_SAN_ANDRES\GDB_FINAL\GDB_DPTO_88_FINAL.gdb\\MGN_RURAL\MGN_RUR_SECCION D:\jcbustosd\JCBUSTOSD_2021\MGN_RURAL_2021\EMPALME_MGN_2021\GDB_MGN_FINAL.gdb\MGN_RURAL\MGN_RUR_SECCION TEST # #</Process><Process Name="Append (3)" ToolSource="c:\program files (x86)\arcgis\desktop10.5\ArcToolbox\Toolboxes\Data Management Tools.tbx\Append" Date="20211021" Time="111109">Append \\Dg-est003\INSUMOS_2021\ENTREGAS\91_AMAZONAS\GDB_FINAL\GDB_DPTO_91_FINAL.gdb\\MGN_RURAL\MGN_RUR_SECCION D:\jcbustosd\JCBUSTOSD_2021\MGN_RURAL_2021\EMPALME_MGN_2021\GDB_MGN_FINAL.gdb\MGN_RURAL\MGN_RUR_SECCION TEST # #</Process><Process Name="Append (3)" ToolSource="c:\program files (x86)\arcgis\desktop10.5\ArcToolbox\Toolboxes\Data Management Tools.tbx\Append" Date="20211021" Time="111113">Append \\Dg-est003\INSUMOS_2021\ENTREGAS\94_GUAINIA\GDB_FINAL\GDB_DPTO_94_FINAL.gdb\\MGN_RURAL\MGN_RUR_SECCION D:\jcbustosd\JCBUSTOSD_2021\MGN_RURAL_2021\EMPALME_MGN_2021\GDB_MGN_FINAL.gdb\MGN_RURAL\MGN_RUR_SECCION TEST # #</Process><Process Name="Append (3)" ToolSource="c:\program files (x86)\arcgis\desktop10.5\ArcToolbox\Toolboxes\Data Management Tools.tbx\Append" Date="20211021" Time="111117">Append \\Dg-est003\INSUMOS_2021\ENTREGAS\95_GUAVIARE\GDB_FINAL\GDB_DPTO_95_FINAL.gdb\\MGN_RURAL\MGN_RUR_SECCION D:\jcbustosd\JCBUSTOSD_2021\MGN_RURAL_2021\EMPALME_MGN_2021\GDB_MGN_FINAL.gdb\MGN_RURAL\MGN_RUR_SECCION TEST # #</Process><Process Name="Append (3)" ToolSource="c:\program files (x86)\arcgis\desktop10.5\ArcToolbox\Toolboxes\Data Management Tools.tbx\Append" Date="20211021" Time="111121">Append \\Dg-est003\INSUMOS_2021\ENTREGAS\97_VAUPES\GDB_FINAL\GDB_DPTO_97_FINAL.gdb\\MGN_RURAL\MGN_RUR_SECCION D:\jcbustosd\JCBUSTOSD_2021\MGN_RURAL_2021\EMPALME_MGN_2021\GDB_MGN_FINAL.gdb\MGN_RURAL\MGN_RUR_SECCION TEST # #</Process><Process Name="Append (3)" ToolSource="c:\program files (x86)\arcgis\desktop10.5\ArcToolbox\Toolboxes\Data Management Tools.tbx\Append" Date="20211021" Time="111125">Append \\Dg-est003\INSUMOS_2021\ENTREGAS\99_VICHADA\GDB_FINAL\GDB_DPTO_99_FINAL.gdb\\MGN_RURAL\MGN_RUR_SECCION D:\jcbustosd\JCBUSTOSD_2021\MGN_RURAL_2021\EMPALME_MGN_2021\GDB_MGN_FINAL.gdb\MGN_RURAL\MGN_RUR_SECCION TEST # #</Process><Process ToolSource="c:\program files (x86)\arcgis\desktop10.5\ArcToolbox\Toolboxes\Data Management Tools.tbx\CalculateField" Date="20211021" Time="152915">CalculateField MGN_TOTAL\MGN_RUR_SECCION SECR_ANFNT null VB #</Process><Process ToolSource="c:\program files (x86)\arcgis\desktop10.5\ArcToolbox\Toolboxes\Data Management Tools.tbx\CalculateField" Date="20211021" Time="192941">CalculateField "mgn 2021 \MGN_RUR_SECCION_2021" SECR_NVDAD 6 VB #</Process><Process ToolSource="c:\program files (x86)\arcgis\desktop10.5\ArcToolbox\Toolboxes\Data Management Tools.tbx\CalculateField" Date="20211022" Time="205416">CalculateField "mgn 2021 \MGN_RUR_SECCION_2021" SECR_TPACT 1 VB #</Process><Process ToolSource="c:\program files (x86)\arcgis\desktop10.5\ArcToolbox\Toolboxes\Data Management Tools.tbx\CalculateField" Date="20211022" Time="210413">CalculateField "mgn 2021 \MGN_RUR_SECCION_2021" SECR_TPACT 3 VB #</Process><Process ToolSource="c:\program files (x86)\arcgis\desktop10.5\ArcToolbox\Toolboxes\Data Management Tools.tbx\CalculateField" Date="20211022" Time="213313">CalculateField "mgn 2021 \MGN_RUR_SECCION_2021" SECR_TPACT 3 VB #</Process><Process ToolSource="c:\program files (x86)\arcgis\desktop10.5\ArcToolbox\Toolboxes\Data Management Tools.tbx\CalculateField" Date="20211022" Time="214240">CalculateField "mgn 2021 \MGN_RUR_SECCION_2021" SECR_VGNC 2021 VB #</Process><Process ToolSource="c:\program files (x86)\arcgis\desktop10.5\ArcToolbox\Toolboxes\Data Management Tools.tbx\CalculateField" Date="20211022" Time="220706">CalculateField "mgn 2021 \MGN_RUR_SECCION_2021" SECR_ANACT null VB #</Process><Process ToolSource="c:\program files (x86)\arcgis\desktop10.5\ArcToolbox\Toolboxes\Data Management Tools.tbx\CalculateField" Date="20211022" Time="220711">CalculateField "mgn 2021 \MGN_RUR_SECCION_2021" SECR_ANFNT null VB #</Process><Process ToolSource="c:\program files (x86)\arcgis\desktop10.5\ArcToolbox\Toolboxes\Data Management Tools.tbx\CalculateField" Date="20211022" Time="220718">CalculateField "mgn 2021 \MGN_RUR_SECCION_2021" SECR_VGNC null VB #</Process><Process ToolSource="c:\program files (x86)\arcgis\desktop10.5\ArcToolbox\Toolboxes\Data Management Tools.tbx\CalculateField" Date="20211022" Time="223548">CalculateField "mgn 2021 \MGN_RUR_SECCION_2021" CONTROL "CM" VB #</Process><Process ToolSource="c:\program files (x86)\arcgis\desktop10.5\ArcToolbox\Toolboxes\Data Management Tools.tbx\CalculateField" Date="20211022" Time="224451">CalculateField "mgn 2021 \MGN_RUR_SECCION_2021" SECR_ANFNT null VB #</Process><Process ToolSource="c:\program files (x86)\arcgis\desktop10.5\ArcToolbox\Toolboxes\Data Management Tools.tbx\CalculateField" Date="20211022" Time="224457">CalculateField "mgn 2021 \MGN_RUR_SECCION_2021" SECR_ANACT null VB #</Process><Process ToolSource="c:\program files (x86)\arcgis\desktop10.5\ArcToolbox\Toolboxes\Data Management Tools.tbx\CalculateField" Date="20211022" Time="225224">CalculateField "mgn 2021 \MGN_RUR_SECCION_2021" CONTROL "CP" VB #</Process><Process ToolSource="c:\program files (x86)\arcgis\desktop10.5\ArcToolbox\Toolboxes\Data Management Tools.tbx\CalculateField" Date="20211022" Time="225613">CalculateField "mgn 2021 \MGN_RUR_SECCION_2021" NOV_ZU 1 VB #</Process><Process ToolSource="c:\program files (x86)\arcgis\desktop10.5\ArcToolbox\Toolboxes\Data Management Tools.tbx\CalculateField" Date="20211022" Time="225648">CalculateField "mgn 2021 \MGN_RUR_SECCION_2021" NOV_ZU 1 VB #</Process><Process ToolSource="c:\program files (x86)\arcgis\desktop10.5\ArcToolbox\Toolboxes\Data Management Tools.tbx\CalculateField" Date="20211022" Time="225736">CalculateField "mgn 2021 \MGN_RUR_SECCION_2021" CONTROL NULL VB #</Process><Process ToolSource="c:\program files (x86)\arcgis\desktop10.5\ArcToolbox\Toolboxes\Data Management Tools.tbx\CalculateField" Date="20211022" Time="230211">CalculateField "mgn 2021 \MGN_RUR_SECCION_2021" SECR_ANFNT NULL VB #</Process><Process ToolSource="c:\program files (x86)\arcgis\desktop10.5\ArcToolbox\Toolboxes\Data Management Tools.tbx\CalculateField" Date="20211022" Time="230218">CalculateField "mgn 2021 \MGN_RUR_SECCION_2021" SECR_ANACT NULL VB #</Process><Process ToolSource="c:\program files (x86)\arcgis\desktop10.5\ArcToolbox\Toolboxes\Data Management Tools.tbx\CalculateField" Date="20211022" Time="230226">CalculateField "mgn 2021 \MGN_RUR_SECCION_2021" NOV_ZU NULL VB #</Process><Process ToolSource="c:\program files (x86)\arcgis\desktop10.5\ArcToolbox\Toolboxes\Data Management Tools.tbx\CalculateField" Date="20211022" Time="230941">CalculateField "mgn 2021 \MGN_RUR_SECCION_2021" SECR_NVDAD NULL VB #</Process><Process ToolSource="c:\program files (x86)\arcgis\desktop10.5\ArcToolbox\Toolboxes\Data Management Tools.tbx\CalculateField" Date="20211022" Time="230946">CalculateField "mgn 2021 \MGN_RUR_SECCION_2021" SECR_TIPO NULL VB #</Process><Process ToolSource="c:\program files (x86)\arcgis\desktop10.5\ArcToolbox\Toolboxes\Data Management Tools.tbx\CalculateField" Date="20211022" Time="230951">CalculateField "mgn 2021 \MGN_RUR_SECCION_2021" SECR_FNTAC NULL VB #</Process><Process ToolSource="c:\program files (x86)\arcgis\desktop10.5\ArcToolbox\Toolboxes\Data Management Tools.tbx\CalculateField" Date="20211022" Time="230956">CalculateField "mgn 2021 \MGN_RUR_SECCION_2021" SECR_TPFNT NULL VB #</Process><Process ToolSource="c:\program files (x86)\arcgis\desktop10.5\ArcToolbox\Toolboxes\Data Management Tools.tbx\CalculateField" Date="20211022" Time="231001">CalculateField "mgn 2021 \MGN_RUR_SECCION_2021" SECR_ANFNT NULL VB #</Process><Process ToolSource="c:\program files (x86)\arcgis\desktop10.5\ArcToolbox\Toolboxes\Data Management Tools.tbx\CalculateField" Date="20211022" Time="231005">CalculateField "mgn 2021 \MGN_RUR_SECCION_2021" SECR_TPACT NULL VB #</Process><Process ToolSource="c:\program files (x86)\arcgis\desktop10.5\ArcToolbox\Toolboxes\Data Management Tools.tbx\CalculateField" Date="20211022" Time="231009">CalculateField "mgn 2021 \MGN_RUR_SECCION_2021" SECR_ANACT NULL VB #</Process><Process ToolSource="c:\program files (x86)\arcgis\desktop10.5\ArcToolbox\Toolboxes\Data Management Tools.tbx\CalculateField" Date="20211023" Time="001531">CalculateField "mgn 2021 \MGN_RUR_SECCION_2021" CONTROL "SECR" VB #</Process><Process ToolSource="c:\program files (x86)\arcgis\desktop10.5\ArcToolbox\Toolboxes\Data Management Tools.tbx\CalculateField" Date="20211023" Time="001550">CalculateField "mgn 2021 \MGN_RUR_SECCION_2021" NOV_ZU NULL VB #</Process><Process ToolSource="c:\program files (x86)\arcgis\desktop10.5\ArcToolbox\Toolboxes\Data Management Tools.tbx\CalculateField" Date="20211023" Time="002525">CalculateField "mgn 2021 \MGN_RUR_SECCION_2021" SECR_NVDAD NULL VB #</Process><Process ToolSource="c:\program files (x86)\arcgis\desktop10.5\ArcToolbox\Toolboxes\Data Management Tools.tbx\CalculateField" Date="20211023" Time="002531">CalculateField "mgn 2021 \MGN_RUR_SECCION_2021" SECR_TIPO NULL VB #</Process><Process ToolSource="c:\program files (x86)\arcgis\desktop10.5\ArcToolbox\Toolboxes\Data Management Tools.tbx\CalculateField" Date="20211023" Time="002535">CalculateField "mgn 2021 \MGN_RUR_SECCION_2021" SECR_FNTAC NULL VB #</Process><Process ToolSource="c:\program files (x86)\arcgis\desktop10.5\ArcToolbox\Toolboxes\Data Management Tools.tbx\CalculateField" Date="20211023" Time="002540">CalculateField "mgn 2021 \MGN_RUR_SECCION_2021" SECR_TPFNT NULL VB #</Process><Process ToolSource="c:\program files (x86)\arcgis\desktop10.5\ArcToolbox\Toolboxes\Data Management Tools.tbx\CalculateField" Date="20211023" Time="002546">CalculateField "mgn 2021 \MGN_RUR_SECCION_2021" SECR_ANFNT NULL VB #</Process><Process ToolSource="c:\program files (x86)\arcgis\desktop10.5\ArcToolbox\Toolboxes\Data Management Tools.tbx\CalculateField" Date="20211023" Time="002551">CalculateField "mgn 2021 \MGN_RUR_SECCION_2021" SECR_TPACT NULL VB #</Process><Process ToolSource="c:\program files (x86)\arcgis\desktop10.5\ArcToolbox\Toolboxes\Data Management Tools.tbx\CalculateField" Date="20211023" Time="002555">CalculateField "mgn 2021 \MGN_RUR_SECCION_2021" SECR_ANACT NULL VB #</Process><Process ToolSource="c:\program files (x86)\arcgis\desktop10.5\ArcToolbox\Toolboxes\Data Management Tools.tbx\CalculateField" Date="20211023" Time="002804">CalculateField "mgn 2021 \MGN_RUR_SECCION_2021" CONTROL NULL VB #</Process><Process ToolSource="c:\program files (x86)\arcgis\desktop10.5\ArcToolbox\Toolboxes\Data Management Tools.tbx\CalculateField" Date="20211023" Time="110331">CalculateField "mgn 2021 \MGN_RUR_SECCION_2021" NOV_LM 11 VB #</Process><Process ToolSource="c:\program files (x86)\arcgis\desktop10.5\ArcToolbox\Toolboxes\Data Management Tools.tbx\CalculateField" Date="20211023" Time="113947">CalculateField "mgn 2021 \MGN_RUR_SECCION_2021" SECR_TPACT 3 VB #</Process><Process ToolSource="c:\program files (x86)\arcgis\desktop10.5\ArcToolbox\Toolboxes\Data Management Tools.tbx\CalculateField" Date="20211023" Time="114748">CalculateField "mgn 2021 \MGN_RUR_SECCION_2021" SECR_TPACT 3 VB #</Process><Process ToolSource="c:\program files (x86)\arcgis\desktop10.5\ArcToolbox\Toolboxes\Data Management Tools.tbx\CalculateField" Date="20211023" Time="114827">CalculateField "mgn 2021 \MGN_RUR_SECCION_2021" SECR_TPACT 3 VB #</Process><Process ToolSource="c:\program files (x86)\arcgis\desktop10.5\ArcToolbox\Toolboxes\Data Management Tools.tbx\CalculateField" Date="20211023" Time="120222">CalculateField "mgn 2021 \MGN_RUR_SECCION_2021" SECR_TPACT 3 VB #</Process><Process ToolSource="c:\program files (x86)\arcgis\desktop10.5\ArcToolbox\Toolboxes\Data Management Tools.tbx\CalculateField" Date="20211025" Time="141434">CalculateField "mgn 2021 \MGN_RUR_SECCION_2021" SECR_NVDAD null VB #</Process><Process ToolSource="c:\program files (x86)\arcgis\desktop10.5\ArcToolbox\Toolboxes\Data Management Tools.tbx\CalculateField" Date="20211025" Time="141439">CalculateField "mgn 2021 \MGN_RUR_SECCION_2021" SECR_TIPO null VB #</Process><Process ToolSource="c:\program files (x86)\arcgis\desktop10.5\ArcToolbox\Toolboxes\Data Management Tools.tbx\CalculateField" Date="20211025" Time="141444">CalculateField "mgn 2021 \MGN_RUR_SECCION_2021" SECR_FNTAC null VB #</Process><Process ToolSource="c:\program files (x86)\arcgis\desktop10.5\ArcToolbox\Toolboxes\Data Management Tools.tbx\CalculateField" Date="20211025" Time="141449">CalculateField "mgn 2021 \MGN_RUR_SECCION_2021" SECR_TPFNT null VB #</Process><Process ToolSource="c:\program files (x86)\arcgis\desktop10.5\ArcToolbox\Toolboxes\Data Management Tools.tbx\CalculateField" Date="20211025" Time="141454">CalculateField "mgn 2021 \MGN_RUR_SECCION_2021" SECR_ANFNT null VB #</Process><Process ToolSource="c:\program files (x86)\arcgis\desktop10.5\ArcToolbox\Toolboxes\Data Management Tools.tbx\CalculateField" Date="20211025" Time="141459">CalculateField "mgn 2021 \MGN_RUR_SECCION_2021" SECR_TPACT null VB #</Process><Process ToolSource="c:\program files (x86)\arcgis\desktop10.5\ArcToolbox\Toolboxes\Data Management Tools.tbx\CalculateField" Date="20211025" Time="141503">CalculateField "mgn 2021 \MGN_RUR_SECCION_2021" SECR_ANACT null VB #</Process><Process ToolSource="c:\program files (x86)\arcgis\desktop10.5\ArcToolbox\Toolboxes\Data Management Tools.tbx\CalculateField" Date="20211025" Time="141511">CalculateField "mgn 2021 \MGN_RUR_SECCION_2021" CONTROL null VB #</Process><Process ToolSource="c:\program files (x86)\arcgis\desktop10.5\ArcToolbox\Toolboxes\Data Management Tools.tbx\CalculateField" Date="20211025" Time="141517">CalculateField "mgn 2021 \MGN_RUR_SECCION_2021" NOV_ZU null VB #</Process><Process ToolSource="c:\program files (x86)\arcgis\desktop10.5\ArcToolbox\Toolboxes\Data Management Tools.tbx\CalculateField" Date="20211026" Time="001250">CalculateField MGN_RUR_SECCION PASO "[MPIO_CDPMP] + [CLAS_CCDGO]" VB #</Process><Process ToolSource="c:\program files (x86)\arcgis\desktop10.5\ArcToolbox\Toolboxes\Data Management Tools.tbx\Dissolve" Date="20211026" Time="001742">Dissolve MGN_RUR_SECCION E:\JEZORAH\ACTIVIDADES\BDG_MGN\VIGENCIA_2021\ESTRUCTURACION\RURAL\VERSION_II_SEMESTRE\BDG_MGN_RURAL_2021.gdb\MGN_TEMATICO\CLASE PASO "DPTO_CCDGO FIRST;MPIO_CCDGO FIRST;MPIO_CDPMP FIRST;CLAS_CCDGO FIRST" MULTI_PART DISSOLVE_LINES</Process><Process ToolSource="c:\program files (x86)\arcgis\desktop10.5\ArcToolbox\Toolboxes\Data Management Tools.tbx\CalculateField" Date="20211026" Time="001945">CalculateField CLASE CLAS_CCNCT [PASO] VB #</Process><Process ToolSource="c:\program files (x86)\arcgis\desktop10.5\ArcToolbox\Toolboxes\Data Management Tools.tbx\CalculateField" Date="20211026" Time="002132">CalculateField CLASE CLAS_VGNC 2021 VB #</Process><Process ToolSource="c:\program files (x86)\arcgis\desktop10.5\ArcToolbox\Toolboxes\Conversion Tools.tbx\FeatureClassToFeatureClass" Date="20211026" Time="002418">FeatureClassToFeatureClass E:\JEZORAH\ACTIVIDADES\BDG_MGN\VIGENCIA_2021\ESTRUCTURACION\RURAL\VERSION_II_SEMESTRE\BDG_MGN_RURAL_2021.gdb\MGN_TEMATICO\CLASE E:\JEZORAH\ACTIVIDADES\BDG_MGN\VIGENCIA_2021\ESTRUCTURACION\RURAL\VERSION_II_SEMESTRE\BDG_MGN_RURAL_2021.gdb\MGN_TEMATICO MGN_TEM_CLASE # "DPTO_CCDGO "DPTO_CCDGO" true true false 2 Text 0 0 ,First,#,E:\JEZORAH\ACTIVIDADES\BDG_MGN\VIGENCIA_2021\ESTRUCTURACION\RURAL\VERSION_II_SEMESTRE\BDG_MGN_RURAL_2021.gdb\MGN_TEMATICO\CLASE,FIRST_DPTO_CCDGO,-1,-1;MPIO_CCDGO "MPIO_CCDGO" true true false 3 Text 0 0 ,First,#,E:\JEZORAH\ACTIVIDADES\BDG_MGN\VIGENCIA_2021\ESTRUCTURACION\RURAL\VERSION_II_SEMESTRE\BDG_MGN_RURAL_2021.gdb\MGN_TEMATICO\CLASE,FIRST_MPIO_CCDGO,-1,-1;MPIO_CDPMP "MPIO_CDPMP
" true true false 5 Text 0 0 ,First,#,E:\JEZORAH\ACTIVIDADES\BDG_MGN\VIGENCIA_2021\ESTRUCTURACION\RURAL\VERSION_II_SEMESTRE\BDG_MGN_RURAL_2021.gdb\MGN_TEMATICO\CLASE,FIRST_MPIO_CDPMP,-1,-1;CLAS_CCDGO "CLAS_CCDGO
" true true false 1 Text 0 0 ,First,#,E:\JEZORAH\ACTIVIDADES\BDG_MGN\VIGENCIA_2021\ESTRUCTURACION\RURAL\VERSION_II_SEMESTRE\BDG_MGN_RURAL_2021.gdb\MGN_TEMATICO\CLASE,FIRST_CLAS_CCDGO,-1,-1;CLAS_CCNCT "CLAS_CCNCT" true true false 6 Text 0 0 ,First,#,E:\JEZORAH\ACTIVIDADES\BDG_MGN\VIGENCIA_2021\ESTRUCTURACION\RURAL\VERSION_II_SEMESTRE\BDG_MGN_RURAL_2021.gdb\MGN_TEMATICO\CLASE,CLAS_CCNCT,-1,-1;CLAS_NAREA "CLAS_NAREA" true true false 8 Double 0 0 ,First,#,E:\JEZORAH\ACTIVIDADES\BDG_MGN\VIGENCIA_2021\ESTRUCTURACION\RURAL\VERSION_II_SEMESTRE\BDG_MGN_RURAL_2021.gdb\MGN_TEMATICO\CLASE,CLAS_NAREA,-1,-1;CLAS_VGNC "CLAS_VGNC" true true false 2 Short 0 0 ,First,#,E:\JEZORAH\ACTIVIDADES\BDG_MGN\VIGENCIA_2021\ESTRUCTURACION\RURAL\VERSION_II_SEMESTRE\BDG_MGN_RURAL_2021.gdb\MGN_TEMATICO\CLASE,CLAS_VGNC,-1,-1" #</Process><Process ToolSource="c:\program files (x86)\arcgis\desktop10.5\ArcToolbox\Toolboxes\Conversion Tools.tbx\FeatureClassToFeatureClass" Date="20211026" Time="105054">FeatureClassToFeatureClass D:\jcbustosd\JCBUSTOSD_2021\MGN_2021_COLOMBIA\BDG_MGN_RURAL_2021.gdb\MGN_TEMATICO\MGN_TEM_CLASE D:\jcbustosd\JCBUSTOSD_2021\MGN_2021_COLOMBIA\MGN MGN_CLASE.shp # "DPTO_CCDGO "DPTO_CCDGO" true true false 2 Text 0 0 ,First,#,D:\jcbustosd\JCBUSTOSD_2021\MGN_2021_COLOMBIA\BDG_MGN_RURAL_2021.gdb\MGN_TEMATICO\MGN_TEM_CLASE,DPTO_CCDGO,-1,-1;MPIO_CCDGO "MPIO_CCDGO" true true false 3 Text 0 0 ,First,#,D:\jcbustosd\JCBUSTOSD_2021\MGN_2021_COLOMBIA\BDG_MGN_RURAL_2021.gdb\MGN_TEMATICO\MGN_TEM_CLASE,MPIO_CCDGO,-1,-1;MPIO_CDPMP "MPIO_CDPMP
" true true false 5 Text 0 0 ,First,#,D:\jcbustosd\JCBUSTOSD_2021\MGN_2021_COLOMBIA\BDG_MGN_RURAL_2021.gdb\MGN_TEMATICO\MGN_TEM_CLASE,MPIO_CDPMP,-1,-1;CLAS_CCDGO "CLAS_CCDGO
" true true false 1 Text 0 0 ,First,#,D:\jcbustosd\JCBUSTOSD_2021\MGN_2021_COLOMBIA\BDG_MGN_RURAL_2021.gdb\MGN_TEMATICO\MGN_TEM_CLASE,CLAS_CCDGO,-1,-1;CLAS_CCNCT "CLAS_CCNCT" true true false 6 Text 0 0 ,First,#,D:\jcbustosd\JCBUSTOSD_2021\MGN_2021_COLOMBIA\BDG_MGN_RURAL_2021.gdb\MGN_TEMATICO\MGN_TEM_CLASE,CLAS_CCNCT,-1,-1;CLAS_NAREA "CLAS_NAREA" true true false 8 Double 0 0 ,First,#,D:\jcbustosd\JCBUSTOSD_2021\MGN_2021_COLOMBIA\BDG_MGN_RURAL_2021.gdb\MGN_TEMATICO\MGN_TEM_CLASE,CLAS_NAREA,-1,-1;CLAS_VGNC "CLAS_VGNC" true true false 2 Short 0 0 ,First,#,D:\jcbustosd\JCBUSTOSD_2021\MGN_2021_COLOMBIA\BDG_MGN_RURAL_2021.gdb\MGN_TEMATICO\MGN_TEM_CLASE,CLAS_VGNC,-1,-1;Shape_Leng "Shape_Leng" false true true 8 Double 0 0 ,First,#,D:\jcbustosd\JCBUSTOSD_2021\MGN_2021_COLOMBIA\BDG_MGN_RURAL_2021.gdb\MGN_TEMATICO\MGN_TEM_CLASE,Shape_Length,-1,-1;Shape_Area "Shape_Area" false true true 8 Double 0 0 ,First,#,D:\jcbustosd\JCBUSTOSD_2021\MGN_2021_COLOMBIA\BDG_MGN_RURAL_2021.gdb\MGN_TEMATICO\MGN_TEM_CLASE,Shape_Area,-1,-1" #</Process></lineage><itemProps><itemName Sync="TRUE">MGN_CLASE</itemName><imsContentType Sync="TRUE">002</imsContentType><itemLocation><linkage Sync="TRUE">file://\\DG-EST002\jcbustosd\JCBUSTOSD_2021\MGN_2021_COLOMBIA\MGN\MGN_CLASE.shp</linkage><protocol Sync="TRUE">Local Area Network</protocol></itemLocation><itemSize Sync="TRUE">0.000</itemSize></itemProps><coordRef><type Sync="TRUE">Geographic</type><geogcsn Sync="TRUE">GCS_MAGNA</geogcsn><csUnits Sync="TRUE">Angular Unit: Degree (0.017453)</csUnits><peXml Sync="TRUE">&lt;GeographicCoordinateSystem xsi:type='typens:GeographicCoordinateSystem' xmlns:xsi='http://www.w3.org/2001/XMLSchema-instance' xmlns:xs='http://www.w3.org/2001/XMLSchema' xmlns:typens='http://www.esri.com/schemas/ArcGIS/10.5'&gt;&lt;WKT&gt;GEOGCS[&amp;quot;GCS_MAGNA&amp;quot;,DATUM[&amp;quot;D_MAGNA&amp;quot;,SPHEROID[&amp;quot;GRS_1980&amp;quot;,6378137.0,298.257222101]],PRIMEM[&amp;quot;Greenwich&amp;quot;,0.0],UNIT[&amp;quot;Degree&amp;quot;,0.0174532925199433],AUTHORITY[&amp;quot;EPSG&amp;quot;,4686]]&lt;/WKT&gt;&lt;XOrigin&gt;-400&lt;/XOrigin&gt;&lt;YOrigin&gt;-400&lt;/YOrigin&gt;&lt;XYScale&gt;11258999068426.238&lt;/XYScale&gt;&lt;ZOrigin&gt;-100000&lt;/ZOrigin&gt;&lt;ZScale&gt;10000&lt;/ZScale&gt;&lt;MOrigin&gt;-100000&lt;/MOrigin&gt;&lt;MScale&gt;10000&lt;/MScale&gt;&lt;XYTolerance&gt;8.9831528411952133e-009&lt;/XYTolerance&gt;&lt;ZTolerance&gt;0.001&lt;/ZTolerance&gt;&lt;MTolerance&gt;0.001&lt;/MTolerance&gt;&lt;HighPrecision&gt;true&lt;/HighPrecision&gt;&lt;LeftLongitude&gt;-180&lt;/LeftLongitude&gt;&lt;WKID&gt;4686&lt;/WKID&gt;&lt;LatestWKID&gt;4686&lt;/LatestWKID&gt;&lt;/GeographicCoordinateSystem&gt;</peXml></coordRef></DataProperties><SyncDate>20211026</SyncDate><SyncTime>10505100</SyncTime><ModDate>20211026</ModDate><ModTime>10505100</ModTime></Esri><dataIdInfo><envirDesc Sync="TRUE"> Version 6.2 (Build 9200) ; Esri ArcGIS 10.5.1.7333</envirDesc><dataLang><languageCode value="spa" Sync="TRUE"></languageCode><countryCode value="COL" Sync="TRUE"></countryCode></dataLang><idCitation><resTitle Sync="TRUE">MGN_CLASE</resTitle><presForm><PresFormCd value="005" Sync="TRUE"></PresFormCd></presForm></idCitation><spatRpType><SpatRepTypCd value="001" Sync="TRUE"></SpatRepTypCd></spatRpType></dataIdInfo><mdLang><languageCode value="spa" Sync="TRUE"></languageCode><countryCode value="COL" Sync="TRUE"></countryCode></mdLang><distInfo><distFormat><formatName Sync="TRUE">Shapefile</formatName></distFormat><distTranOps><transSize Sync="TRUE">0.000</transSize></distTranOps></distInfo><mdHrLv><ScopeCd value="005" Sync="TRUE"></ScopeCd></mdHrLv><mdHrLvName Sync="TRUE">dataset</mdHrLvName><refSysInfo><RefSystem><refSysID><identCode code="4686" Sync="TRUE"></identCode><idCodeSpace Sync="TRUE">EPSG</idCodeSpace><idVersion Sync="TRUE">7.6.4(9.2.0)</idVersion></refSysID></RefSystem></refSysInfo><spatRepInfo><VectSpatRep><geometObjs Name="MGN_CLASE"><geoObjTyp><GeoObjTypCd value="002" Sync="TRUE"></GeoObjTypCd></geoObjTyp><geoObjCnt Sync="TRUE">0</geoObjCnt></geometObjs><topLvl><TopoLevCd value="001" Sync="TRUE"></TopoLevCd></topLvl></VectSpatRep></spatRepInfo><spdoinfo><ptvctinf><esriterm Name="MGN_CLASE"><efeatyp Sync="TRUE">Simple</efeatyp><efeageom code="4" Sync="TRUE"></efeageom><esritopo Sync="TRUE">FALSE</esritopo><efeacnt Sync="TRUE">0</efeacnt><spindex Sync="TRUE">FALSE</spindex><linrefer Sync="TRUE">FALSE</linrefer></esriterm></ptvctinf></spdoinfo><eainfo><detailed Name="MGN_CLASE"><enttyp><enttypl Sync="TRUE">MGN_CLASE</enttypl><enttypt Sync="TRUE">Feature Class</enttypt><enttypc Sync="TRUE">0</enttypc></enttyp><attr><attrlabl Sync="TRUE">FID</attrlabl><attalias Sync="TRUE">FID</attalias><attrtype Sync="TRUE">OID</attrtype><attwidth Sync="TRUE">4</attwidth><atprecis Sync="TRUE">0</atprecis><attscale Sync="TRUE">0</attscale><attrdef Sync="TRUE">Internal feature number.</attrdef><attrdefs Sync="TRUE">Esri</attrdefs><attrdomv><udom Sync="TRUE">Sequential unique whole numbers that are automatically generated.</udom></attrdomv></attr><attr><attrlabl Sync="TRUE">SHAPE</attrlabl><attalias Sync="TRUE">Shape</attalias><attrtype Sync="TRUE">Geometry</attrtype><attwidth Sync="TRUE">0</attwidth><atprecis Sync="TRUE">0</atprecis><attscale Sync="TRUE">0</attscale><attrdef Sync="TRUE">Feature geometry.</attrdef><attrdefs Sync="TRUE">Esri</attrdefs><attrdomv><udom Sync="TRUE">Coordinates defining the features.</udom></attrdomv></attr><attr><attrlabl Sync="TRUE">DPTO_CCDGO</attrlabl><attalias Sync="TRUE">DPTO_CCDGO</attalias><attrtype Sync="TRUE">String</attrtype><attwidth Sync="TRUE">2</attwidth><atprecis Sync="TRUE">0</atprecis><attscale Sync="TRUE">0</attscale></attr><attr><attrlabl Sync="TRUE">MPIO_CCDGO</attrlabl><attalias Sync="TRUE">MPIO_CCDGO</attalias><attrtype Sync="TRUE">String</attrtype><attwidth Sync="TRUE">3</attwidth><atprecis Sync="TRUE">0</atprecis><attscale Sync="TRUE">0</attscale></attr><attr><attrlabl Sync="TRUE">MPIO_CDPMP</attrlabl><attalias Sync="TRUE">MPIO_CDPMP</attalias><attrtype Sync="TRUE">String</attrtype><attwidth Sync="TRUE">5</attwidth><atprecis Sync="TRUE">0</atprecis><attscale Sync="TRUE">0</attscale></attr><attr><attrlabl Sync="TRUE">CLAS_CCDGO</attrlabl><attalias Sync="TRUE">CLAS_CCDGO</attalias><attrtype Sync="TRUE">String</attrtype><attwidth Sync="TRUE">1</attwidth><atprecis Sync="TRUE">0</atprecis><attscale Sync="TRUE">0</attscale></attr><attr><attrlabl Sync="TRUE">CLAS_CCNCT</attrlabl><attalias Sync="TRUE">CLAS_CCNCT</attalias><attrtype Sync="TRUE">String</attrtype><attwidth Sync="TRUE">6</attwidth><atprecis Sync="TRUE">0</atprecis><attscale Sync="TRUE">0</attscale></attr><attr><attrlabl Sync="TRUE">CLAS_NAREA</attrlabl><attalias Sync="TRUE">CLAS_NAREA</attalias><attrtype Sync="TRUE">Double</attrtype><attwidth Sync="TRUE">19</attwidth><atprecis Sync="TRUE">0</atprecis><attscale Sync="TRUE">0</attscale></attr><attr><attrlabl Sync="TRUE">CLAS_VGNC</attrlabl><attalias Sync="TRUE">CLAS_VGNC</attalias><attrtype Sync="TRUE">Integer</attrtype><attwidth Sync="TRUE">5</attwidth><atprecis Sync="TRUE">5</atprecis><attscale Sync="TRUE">0</attscale></attr><attr><attrlabl Sync="TRUE">Shape_Leng</attrlabl><attalias Sync="TRUE">Shape_Leng</attalias><attrtype Sync="TRUE">Double</attrtype><attwidth Sync="TRUE">19</attwidth><atprecis Sync="TRUE">0</atprecis><attscale Sync="TRUE">0</attscale></attr><attr><attrlabl Sync="TRUE">SHAPE_Area</attrlabl><attalias Sync="TRUE">Shape_Area</attalias><attrtype Sync="TRUE">Double</attrtype><attwidth Sync="TRUE">19</attwidth><atprecis Sync="TRUE">0</atprecis><attscale Sync="TRUE">0</attscale><attrdef Sync="TRUE">Area of feature in internal units squared.</attrdef><attrdefs Sync="TRUE">Esri</attrdefs><attrdomv><udom Sync="TRUE">Positive real numbers that are automatically generated.</udom></attrdomv></attr></detailed></eainfo><mdDateSt Sync="TRUE">20211026</mdDateSt></metadata>
